"ap_id","utility_id","geoid","region_name","sample_hh_id"
11473341,384,60014035012,"Alameda County",1
11475186,384,60014035012,"Alameda County",2
11476588,384,60014035012,"Alameda County",3
11471650,384,60014035012,"Alameda County",4
11476582,384,60014035012,"Alameda County",5
11475077,384,60014035012,"Alameda County",6
11476544,384,60014035012,"Alameda County",7
11473260,384,60014035012,"Alameda County",8
11476567,384,60014035012,"Alameda County",9
11471721,384,60014035012,"Alameda County",10
11473277,384,60014035012,"Alameda County",11
11473289,384,60014035012,"Alameda County",12
11476589,384,60014035012,"Alameda County",13
11476493,384,60014035012,"Alameda County",14
11475101,384,60014035012,"Alameda County",15
11476548,384,60014035012,"Alameda County",16
11473380,384,60014035012,"Alameda County",17
11473276,384,60014035012,"Alameda County",18
11476508,384,60014035012,"Alameda County",19
11476456,384,60014035012,"Alameda County",20
11474366,384,60014063004,"Alameda County",21
11477774,384,60014063004,"Alameda County",22
11461034,384,60014063004,"Alameda County",23
11475796,384,60014063004,"Alameda County",24
11464211,384,60014063004,"Alameda County",25
11474305,384,60014063004,"Alameda County",26
11481429,384,60014063004,"Alameda County",27
11464073,384,60014063004,"Alameda County",28
11461071,384,60014063004,"Alameda County",29
11475800,384,60014063004,"Alameda County",30
11475819,384,60014063004,"Alameda County",31
11464067,384,60014063004,"Alameda County",32
11464100,384,60014063004,"Alameda County",33
11464081,384,60014063004,"Alameda County",34
11475875,384,60014063004,"Alameda County",35
11481320,384,60014063004,"Alameda County",36
11474412,384,60014063004,"Alameda County",37
11475809,384,60014063004,"Alameda County",38
11464144,384,60014063004,"Alameda County",39
11475799,384,60014063004,"Alameda County",40
11340598,384,60014066013,"Alameda County",41
11438908,384,60014066013,"Alameda County",42
11334454,384,60014066013,"Alameda County",43
11340702,384,60014066013,"Alameda County",44
11334606,384,60014066013,"Alameda County",45
11334549,384,60014066013,"Alameda County",46
11442132,384,60014066013,"Alameda County",47
11334434,384,60014066013,"Alameda County",48
11439137,384,60014066013,"Alameda County",49
11334452,384,60014066013,"Alameda County",50
11446624,384,60014066013,"Alameda County",51
11339022,384,60014066013,"Alameda County",52
11442107,384,60014066013,"Alameda County",53
11438934,384,60014066013,"Alameda County",54
11442169,384,60014066013,"Alameda County",55
11451262,384,60014066013,"Alameda County",56
11442184,384,60014066013,"Alameda County",57
11334466,384,60014066013,"Alameda County",58
11334504,384,60014066013,"Alameda County",59
11340729,384,60014066013,"Alameda County",60
11392248,384,60014240012,"Alameda County",61
11354634,384,60014240012,"Alameda County",62
11344074,384,60014240012,"Alameda County",63
11391981,384,60014240012,"Alameda County",64
11344051,384,60014240012,"Alameda County",65
11391984,384,60014240012,"Alameda County",66
11392173,384,60014240012,"Alameda County",67
11391982,384,60014240012,"Alameda County",68
11392105,384,60014240012,"Alameda County",69
10641564,384,60014240012,"Alameda County",70
11392095,384,60014240012,"Alameda County",71
11392041,384,60014240012,"Alameda County",72
11354627,384,60014240012,"Alameda County",73
11354501,384,60014240012,"Alameda County",74
11354574,384,60014240012,"Alameda County",75
11391988,384,60014240012,"Alameda County",76
11392025,384,60014240012,"Alameda County",77
11392112,384,60014240012,"Alameda County",78
11392094,384,60014240012,"Alameda County",79
10641598,384,60014240012,"Alameda County",80
11304509,384,60014283014,"Alameda County",81
11303183,384,60014283014,"Alameda County",82
11303989,384,60014283014,"Alameda County",83
10689122,384,60014283014,"Alameda County",84
11303245,384,60014283014,"Alameda County",85
11314357,384,60014283014,"Alameda County",86
11303171,384,60014283014,"Alameda County",87
10689036,384,60014283014,"Alameda County",88
11303145,384,60014283014,"Alameda County",89
11304573,384,60014283014,"Alameda County",90
11304593,384,60014283014,"Alameda County",91
11303168,384,60014283014,"Alameda County",92
10689126,384,60014283014,"Alameda County",93
10703108,384,60014283014,"Alameda County",94
11304519,384,60014283014,"Alameda County",95
10703090,384,60014283014,"Alameda County",96
11302960,384,60014283014,"Alameda County",97
10703142,384,60014283014,"Alameda County",98
11303044,384,60014283014,"Alameda County",99
11304544,384,60014283014,"Alameda County",100
11404671,384,60014301021,"Alameda County",101
11410755,384,60014301021,"Alameda County",102
11410773,384,60014301021,"Alameda County",103
11421672,384,60014301021,"Alameda County",104
11425846,384,60014301021,"Alameda County",105
11426930,384,60014301021,"Alameda County",106
11425931,384,60014301021,"Alameda County",107
11419120,384,60014301021,"Alameda County",108
9653783,384,60014301021,"Alameda County",109
11334255,,60014301021,"Alameda County",110
11418992,384,60014301021,"Alameda County",111
11425865,384,60014301021,"Alameda County",112
11330762,,60014301021,"Alameda County",113
11330756,,60014301021,"Alameda County",114
9653829,384,60014301021,"Alameda County",115
11410776,384,60014301021,"Alameda County",116
11425884,384,60014301021,"Alameda County",117
11419089,384,60014301021,"Alameda County",118
11425749,384,60014301021,"Alameda County",119
11425951,384,60014301021,"Alameda County",120
10055872,384,60014328003,"Alameda County",121
11430135,384,60014328003,"Alameda County",122
11410974,384,60014328003,"Alameda County",123
10055897,384,60014328003,"Alameda County",124
10055953,384,60014328003,"Alameda County",125
10705185,384,60014328003,"Alameda County",126
10056990,384,60014328003,"Alameda County",127
10055818,384,60014328003,"Alameda County",128
11411156,384,60014328003,"Alameda County",129
11411143,384,60014328003,"Alameda County",130
11410869,384,60014328003,"Alameda County",131
10056973,384,60014328003,"Alameda County",132
11411164,384,60014328003,"Alameda County",133
11424876,384,60014328003,"Alameda County",134
11424923,384,60014328003,"Alameda County",135
10056999,384,60014328003,"Alameda County",136
10055881,384,60014328003,"Alameda County",137
10055859,384,60014328003,"Alameda County",138
10055871,384,60014328003,"Alameda County",139
10703364,384,60014328003,"Alameda County",140
11510950,384,60014337002,"Alameda County",141
11510807,384,60014337002,"Alameda County",142
10048257,384,60014337002,"Alameda County",143
11510866,384,60014337002,"Alameda County",144
10046325,384,60014337002,"Alameda County",145
10050031,384,60014337002,"Alameda County",146
11510846,384,60014337002,"Alameda County",147
11502456,384,60014337002,"Alameda County",148
11510929,384,60014337002,"Alameda County",149
11500757,384,60014337002,"Alameda County",150
10050066,384,60014337002,"Alameda County",151
11502380,384,60014337002,"Alameda County",152
11510958,384,60014337002,"Alameda County",153
10048304,384,60014337002,"Alameda County",154
11502428,384,60014337002,"Alameda County",155
10050044,384,60014337002,"Alameda County",156
11510976,384,60014337002,"Alameda County",157
10048285,384,60014337002,"Alameda County",158
11502404,384,60014337002,"Alameda County",159
10050055,384,60014337002,"Alameda County",160
10041243,357,60014354002,"Alameda County",161
11500168,357,60014354002,"Alameda County",162
10043842,357,60014354002,"Alameda County",163
9897368,357,60014354002,"Alameda County",164
11500067,357,60014354002,"Alameda County",165
11501375,357,60014354002,"Alameda County",166
10043847,357,60014354002,"Alameda County",167
10043884,357,60014354002,"Alameda County",168
9667525,357,60014354002,"Alameda County",169
11500072,357,60014354002,"Alameda County",170
10043932,357,60014354002,"Alameda County",171
11511771,357,60014354002,"Alameda County",172
10043917,357,60014354002,"Alameda County",173
11500057,357,60014354002,"Alameda County",174
11511722,357,60014354002,"Alameda County",175
11501479,357,60014354002,"Alameda County",176
11511727,357,60014354002,"Alameda County",177
9897371,357,60014354002,"Alameda County",178
11501422,357,60014354002,"Alameda County",179
10042543,357,60014354002,"Alameda County",180
10044040,384,60014356012,"Alameda County",181
11502494,384,60014356012,"Alameda County",182
10044080,384,60014356012,"Alameda County",183
11497883,384,60014356012,"Alameda County",184
11502487,384,60014356012,"Alameda County",185
10044034,384,60014356012,"Alameda County",186
11497912,384,60014356012,"Alameda County",187
10044125,384,60014356012,"Alameda County",188
10050604,384,60014356012,"Alameda County",189
10050646,384,60014356012,"Alameda County",190
10050611,384,60014356012,"Alameda County",191
11497917,384,60014356012,"Alameda County",192
10045091,384,60014356012,"Alameda County",193
11511891,384,60014356012,"Alameda County",194
11502496,384,60014356012,"Alameda County",195
10044005,384,60014356012,"Alameda County",196
10044112,384,60014356012,"Alameda County",197
10044143,384,60014356012,"Alameda County",198
11502519,384,60014356012,"Alameda County",199
10044154,384,60014356012,"Alameda County",200
11514669,357,60014370001,"Alameda County",201
11516069,357,60014370001,"Alameda County",202
10033764,357,60014370001,"Alameda County",203
11514676,357,60014370001,"Alameda County",204
10033773,357,60014370001,"Alameda County",205
10032436,357,60014370001,"Alameda County",206
10037078,357,60014370001,"Alameda County",207
11515909,357,60014370001,"Alameda County",208
10032569,357,60014370001,"Alameda County",209
10032550,357,60014370001,"Alameda County",210
11515983,357,60014370001,"Alameda County",211
11516106,357,60014370001,"Alameda County",212
10037447,357,60014370001,"Alameda County",213
10033758,357,60014370001,"Alameda County",214
10032375,357,60014370001,"Alameda County",215
10032369,357,60014370001,"Alameda County",216
10033772,357,60014370001,"Alameda County",217
11516039,357,60014370001,"Alameda County",218
11515992,357,60014370001,"Alameda County",219
10033779,357,60014370001,"Alameda County",220
9611588,15,60014423022,"Alameda County",221
9621168,15,60014423022,"Alameda County",222
9608991,15,60014423022,"Alameda County",223
9606762,15,60014423022,"Alameda County",224
9611587,15,60014423022,"Alameda County",225
9621300,15,60014423022,"Alameda County",226
9606773,15,60014423022,"Alameda County",227
9621167,15,60014423022,"Alameda County",228
9621176,15,60014423022,"Alameda County",229
9606780,15,60014423022,"Alameda County",230
9621106,15,60014423022,"Alameda County",231
9611776,15,60014423022,"Alameda County",232
9621140,15,60014423022,"Alameda County",233
9606825,15,60014423022,"Alameda County",234
9621131,15,60014423022,"Alameda County",235
9621299,15,60014423022,"Alameda County",236
9611585,15,60014423022,"Alameda County",237
9619299,15,60014423022,"Alameda County",238
9621146,15,60014423022,"Alameda County",239
9621173,15,60014423022,"Alameda County",240
7175534,403,60014506072,"Alameda County",241
7181274,403,60014506072,"Alameda County",242
7180529,403,60014506072,"Alameda County",243
7181343,403,60014506072,"Alameda County",244
7180513,403,60014506072,"Alameda County",245
7180366,403,60014506072,"Alameda County",246
7175502,403,60014506072,"Alameda County",247
7181192,403,60014506072,"Alameda County",248
7195466,403,60014506072,"Alameda County",249
7193906,403,60014506072,"Alameda County",250
7195484,403,60014506072,"Alameda County",251
7181310,403,60014506072,"Alameda County",252
7195362,403,60014506072,"Alameda County",253
7195518,403,60014506072,"Alameda County",254
7195438,403,60014506072,"Alameda County",255
7195413,403,60014506072,"Alameda County",256
7175510,403,60014506072,"Alameda County",257
7178966,403,60014506072,"Alameda County",258
7180524,403,60014506072,"Alameda County",259
7181388,403,60014506072,"Alameda County",260
4960444,58,60590015053,"SAWPA",261
50731,58,60590015053,"SAWPA",262
51338,58,60590015053,"SAWPA",263
50357,58,60590015053,"SAWPA",264
50339,58,60590015053,"SAWPA",265
51706,58,60590015053,"SAWPA",266
4960611,58,60590015053,"SAWPA",267
50343,58,60590015053,"SAWPA",268
4971611,58,60590015053,"SAWPA",269
51863,58,60590015053,"SAWPA",270
4960908,58,60590015053,"SAWPA",271
51817,58,60590015053,"SAWPA",272
51740,58,60590015053,"SAWPA",273
51728,58,60590015053,"SAWPA",274
4960408,58,60590015053,"SAWPA",275
51669,58,60590015053,"SAWPA",276
4960885,58,60590015053,"SAWPA",277
52758,58,60590015053,"SAWPA",278
50638,58,60590015053,"SAWPA",279
4960391,58,60590015053,"SAWPA",280
5532073,58,60590019011,"SAWPA",281
5534053,58,60590019011,"SAWPA",282
5535331,58,60590019011,"SAWPA",283
5534065,58,60590019011,"SAWPA",284
5534055,58,60590019011,"SAWPA",285
5534059,58,60590019011,"SAWPA",286
5532092,58,60590019011,"SAWPA",287
5534016,58,60590019011,"SAWPA",288
5533955,58,60590019011,"SAWPA",289
5535308,58,60590019011,"SAWPA",290
5532111,58,60590019011,"SAWPA",291
5532076,58,60590019011,"SAWPA",292
5533915,58,60590019011,"SAWPA",293
5535328,58,60590019011,"SAWPA",294
5533942,58,60590019011,"SAWPA",295
5534051,58,60590019011,"SAWPA",296
5535294,58,60590019011,"SAWPA",297
5535327,58,60590019011,"SAWPA",298
5533950,58,60590019011,"SAWPA",299
5532109,58,60590019011,"SAWPA",300
5537477,58,60590111011,"SAWPA",301
5537583,58,60590111011,"SAWPA",302
5534336,58,60590111011,"SAWPA",303
5537515,58,60590111011,"SAWPA",304
5537506,58,60590111011,"SAWPA",305
5534341,58,60590111011,"SAWPA",306
5534404,58,60590111011,"SAWPA",307
5537580,58,60590111011,"SAWPA",308
5534369,58,60590111011,"SAWPA",309
5537347,58,60590111011,"SAWPA",310
5537569,58,60590111011,"SAWPA",311
5537624,58,60590111011,"SAWPA",312
5534396,58,60590111011,"SAWPA",313
5537536,58,60590111011,"SAWPA",314
5534463,58,60590111011,"SAWPA",315
5534437,58,60590111011,"SAWPA",316
5534501,58,60590111011,"SAWPA",317
5529712,58,60590111011,"SAWPA",318
5529688,58,60590111011,"SAWPA",319
5529702,58,60590111011,"SAWPA",320
4986408,118,60590218172,"SAWPA",321
4986185,118,60590218172,"SAWPA",322
4986324,118,60590218172,"SAWPA",323
4986419,118,60590218172,"SAWPA",324
4986382,118,60590218172,"SAWPA",325
4986342,118,60590218172,"SAWPA",326
4983008,118,60590218172,"SAWPA",327
4986005,118,60590218172,"SAWPA",328
4986008,118,60590218172,"SAWPA",329
4986567,118,60590218172,"SAWPA",330
4986320,118,60590218172,"SAWPA",331
4986161,118,60590218172,"SAWPA",332
4986460,118,60590218172,"SAWPA",333
4986292,118,60590218172,"SAWPA",334
4986543,118,60590218172,"SAWPA",335
4986546,118,60590218172,"SAWPA",336
4986317,118,60590218172,"SAWPA",337
4985916,118,60590218172,"SAWPA",338
4986387,118,60590218172,"SAWPA",339
4986333,118,60590218172,"SAWPA",340
4989503,118,60590218213,"SAWPA",341
4992349,118,60590218213,"SAWPA",342
4989363,118,60590218213,"SAWPA",343
4992490,118,60590218213,"SAWPA",344
4992336,118,60590218213,"SAWPA",345
4992350,118,60590218213,"SAWPA",346
4989346,118,60590218213,"SAWPA",347
4992344,118,60590218213,"SAWPA",348
4989589,118,60590218213,"SAWPA",349
4992426,118,60590218213,"SAWPA",350
4992525,118,60590218213,"SAWPA",351
4989480,118,60590218213,"SAWPA",352
4992328,118,60590218213,"SAWPA",353
4989440,118,60590218213,"SAWPA",354
4989342,118,60590218213,"SAWPA",355
4989357,118,60590218213,"SAWPA",356
4992354,118,60590218213,"SAWPA",357
4989637,118,60590218213,"SAWPA",358
4989369,118,60590218213,"SAWPA",359
4989465,118,60590218213,"SAWPA",360
4976317,118,60590218221,"SAWPA",361
4976328,118,60590218221,"SAWPA",362
4976490,118,60590218221,"SAWPA",363
61061,118,60590218221,"SAWPA",364
4976488,118,60590218221,"SAWPA",365
4969451,118,60590218221,"SAWPA",366
61207,118,60590218221,"SAWPA",367
61078,118,60590218221,"SAWPA",368
62236,118,60590218221,"SAWPA",369
4976452,118,60590218221,"SAWPA",370
4976323,118,60590218221,"SAWPA",371
4976372,118,60590218221,"SAWPA",372
62322,118,60590218221,"SAWPA",373
4976332,118,60590218221,"SAWPA",374
4976411,118,60590218221,"SAWPA",375
4970606,118,60590218221,"SAWPA",376
61076,118,60590218221,"SAWPA",377
53781,118,60590218221,"SAWPA",378
4976500,118,60590218221,"SAWPA",379
61087,118,60590218221,"SAWPA",380
4981718,118,60590218272,"SAWPA",381
4946172,118,60590218272,"SAWPA",382
4983602,118,60590218272,"SAWPA",383
4981674,118,60590218272,"SAWPA",384
4982033,118,60590218272,"SAWPA",385
4946178,118,60590218272,"SAWPA",386
4981958,118,60590218272,"SAWPA",387
4981897,118,60590218272,"SAWPA",388
4944688,118,60590218272,"SAWPA",389
4945669,118,60590218272,"SAWPA",390
4981751,118,60590218272,"SAWPA",391
4981896,118,60590218272,"SAWPA",392
4944698,118,60590218272,"SAWPA",393
4981704,118,60590218272,"SAWPA",394
4945774,118,60590218272,"SAWPA",395
4944982,118,60590218272,"SAWPA",396
4945652,118,60590218272,"SAWPA",397
4946117,118,60590218272,"SAWPA",398
4981698,118,60590218272,"SAWPA",399
4946126,118,60590218272,"SAWPA",400
5425217,,60590219123,"SAWPA",401
5423884,225,60590219123,"SAWPA",402
5439189,225,60590219123,"SAWPA",403
5425337,51,60590219123,"SAWPA",404
5424039,51,60590219123,"SAWPA",405
5423999,51,60590219123,"SAWPA",406
5425207,,60590219123,"SAWPA",407
5425273,51,60590219123,"SAWPA",408
5419178,225,60590219123,"SAWPA",409
5425176,,60590219123,"SAWPA",410
5418621,225,60590219123,"SAWPA",411
5421796,225,60590219123,"SAWPA",412
5424003,225,60590219123,"SAWPA",413
5419023,,60590219123,"SAWPA",414
5425211,,60590219123,"SAWPA",415
5419226,225,60590219123,"SAWPA",416
5419169,225,60590219123,"SAWPA",417
5423895,225,60590219123,"SAWPA",418
5425241,,60590219123,"SAWPA",419
5421788,51,60590219123,"SAWPA",420
5424972,164,60590219192,"SAWPA",421
5424949,164,60590219192,"SAWPA",422
4980348,164,60590219192,"SAWPA",423
4980295,164,60590219192,"SAWPA",424
4981003,164,60590219192,"SAWPA",425
5425043,164,60590219192,"SAWPA",426
4981005,164,60590219192,"SAWPA",427
4978159,164,60590219192,"SAWPA",428
5424946,164,60590219192,"SAWPA",429
5425049,164,60590219192,"SAWPA",430
4980380,164,60590219192,"SAWPA",431
4980227,164,60590219192,"SAWPA",432
4978312,164,60590219192,"SAWPA",433
4980237,164,60590219192,"SAWPA",434
4978138,164,60590219192,"SAWPA",435
4978140,164,60590219192,"SAWPA",436
4978160,164,60590219192,"SAWPA",437
5425020,164,60590219192,"SAWPA",438
4980318,164,60590219192,"SAWPA",439
5424997,164,60590219192,"SAWPA",440
6009270,225,60590524082,"SAWPA",441
6009369,225,60590524082,"SAWPA",442
6010787,225,60590524082,"SAWPA",443
6005578,225,60590524082,"SAWPA",444
6005215,225,60590524082,"SAWPA",445
6014322,225,60590524082,"SAWPA",446
6010784,225,60590524082,"SAWPA",447
6005590,225,60590524082,"SAWPA",448
6010814,225,60590524082,"SAWPA",449
6005606,225,60590524082,"SAWPA",450
6007091,225,60590524082,"SAWPA",451
6005172,225,60590524082,"SAWPA",452
6010797,225,60590524082,"SAWPA",453
6009359,225,60590524082,"SAWPA",454
6005203,225,60590524082,"SAWPA",455
6007001,225,60590524082,"SAWPA",456
6010820,225,60590524082,"SAWPA",457
6009251,225,60590524082,"SAWPA",458
6005609,225,60590524082,"SAWPA",459
6007144,225,60590524082,"SAWPA",460
6004790,225,60590524161,"SAWPA",461
6004937,225,60590524161,"SAWPA",462
6004935,225,60590524161,"SAWPA",463
6007153,225,60590524161,"SAWPA",464
6004827,225,60590524161,"SAWPA",465
6004942,225,60590524161,"SAWPA",466
6004822,225,60590524161,"SAWPA",467
6004864,225,60590524161,"SAWPA",468
6004814,225,60590524161,"SAWPA",469
6004938,225,60590524161,"SAWPA",470
6004791,225,60590524161,"SAWPA",471
6004823,225,60590524161,"SAWPA",472
6004796,225,60590524161,"SAWPA",473
6004954,,60590524161,"SAWPA",474
6007154,225,60590524161,"SAWPA",475
6004860,225,60590524161,"SAWPA",476
6004829,225,60590524161,"SAWPA",477
6004865,225,60590524161,"SAWPA",478
6004863,225,60590524161,"SAWPA",479
6004932,225,60590524161,"SAWPA",480
6006227,225,60590524253,"SAWPA",481
6015356,225,60590524253,"SAWPA",482
6006226,225,60590524253,"SAWPA",483
6006419,225,60590524253,"SAWPA",484
6015259,225,60590524253,"SAWPA",485
6015270,225,60590524253,"SAWPA",486
6006405,225,60590524253,"SAWPA",487
6015240,225,60590524253,"SAWPA",488
6005640,225,60590524253,"SAWPA",489
5980857,225,60590524253,"SAWPA",490
6015412,225,60590524253,"SAWPA",491
6015251,225,60590524253,"SAWPA",492
6006399,225,60590524253,"SAWPA",493
6006407,225,60590524253,"SAWPA",494
6015271,225,60590524253,"SAWPA",495
6015238,225,60590524253,"SAWPA",496
6005932,225,60590524253,"SAWPA",497
6006423,225,60590524253,"SAWPA",498
6006414,225,60590524253,"SAWPA",499
6006042,225,60590524253,"SAWPA",500
6091673,225,60590525154,"SAWPA",501
6102032,225,60590525154,"SAWPA",502
6091670,225,60590525154,"SAWPA",503
6087804,225,60590525154,"SAWPA",504
6087811,225,60590525154,"SAWPA",505
6087979,225,60590525154,"SAWPA",506
6091665,225,60590525154,"SAWPA",507
6091642,225,60590525154,"SAWPA",508
6105120,225,60590525154,"SAWPA",509
6091658,225,60590525154,"SAWPA",510
6102762,225,60590525154,"SAWPA",511
6091632,225,60590525154,"SAWPA",512
6083015,225,60590525154,"SAWPA",513
6087978,225,60590525154,"SAWPA",514
6091631,225,60590525154,"SAWPA",515
6091661,225,60590525154,"SAWPA",516
6102741,225,60590525154,"SAWPA",517
6102013,225,60590525154,"SAWPA",518
6102038,225,60590525154,"SAWPA",519
6091471,225,60590525154,"SAWPA",520
6105240,225,60590525191,"SAWPA",521
6105246,225,60590525191,"SAWPA",522
6105263,225,60590525191,"SAWPA",523
6105348,225,60590525191,"SAWPA",524
6105323,225,60590525191,"SAWPA",525
6105142,225,60590525191,"SAWPA",526
6105388,225,60590525191,"SAWPA",527
6105392,225,60590525191,"SAWPA",528
6105329,225,60590525191,"SAWPA",529
6105321,225,60590525191,"SAWPA",530
6105244,225,60590525191,"SAWPA",531
6105143,225,60590525191,"SAWPA",532
6105349,225,60590525191,"SAWPA",533
6105140,225,60590525191,"SAWPA",534
6105177,225,60590525191,"SAWPA",535
6105401,225,60590525191,"SAWPA",536
6105141,225,60590525191,"SAWPA",537
6105320,225,60590525191,"SAWPA",538
6105330,225,60590525191,"SAWPA",539
6105377,225,60590525191,"SAWPA",540
6104648,225,60590525222,"SAWPA",541
6104625,225,60590525222,"SAWPA",542
6104661,225,60590525222,"SAWPA",543
6092835,225,60590525222,"SAWPA",544
6105928,225,60590525222,"SAWPA",545
6106138,225,60590525222,"SAWPA",546
6106040,225,60590525222,"SAWPA",547
6106085,225,60590525222,"SAWPA",548
6106071,225,60590525222,"SAWPA",549
6092880,225,60590525222,"SAWPA",550
6104684,225,60590525222,"SAWPA",551
6105991,225,60590525222,"SAWPA",552
6106088,225,60590525222,"SAWPA",553
6104941,225,60590525222,"SAWPA",554
6106084,225,60590525222,"SAWPA",555
6106041,225,60590525222,"SAWPA",556
6106039,225,60590525222,"SAWPA",557
6092840,225,60590525222,"SAWPA",558
6104608,225,60590525222,"SAWPA",559
6105966,225,60590525222,"SAWPA",560
6100981,225,60590626102,"SAWPA",561
6100946,225,60590626102,"SAWPA",562
6092169,365,60590626102,"SAWPA",563
6100852,154,60590626102,"SAWPA",564
6103578,154,60590626102,"SAWPA",565
6103634,154,60590626102,"SAWPA",566
6100818,365,60590626102,"SAWPA",567
6095757,154,60590626102,"SAWPA",568
6092666,154,60590626102,"SAWPA",569
6092243,225,60590626102,"SAWPA",570
6104309,365,60590626102,"SAWPA",571
6104125,225,60590626102,"SAWPA",572
6092649,154,60590626102,"SAWPA",573
6103635,154,60590626102,"SAWPA",574
6092233,225,60590626102,"SAWPA",575
6092614,154,60590626102,"SAWPA",576
6100859,365,60590626102,"SAWPA",577
6046073,225,60590626102,"SAWPA",578
6104172,225,60590626102,"SAWPA",579
6101135,225,60590626102,"SAWPA",580
6052840,365,60590626441,"SAWPA",581
6053027,365,60590626441,"SAWPA",582
6052919,365,60590626441,"SAWPA",583
6052862,365,60590626441,"SAWPA",584
6052948,365,60590626441,"SAWPA",585
6053111,365,60590626441,"SAWPA",586
6052908,365,60590626441,"SAWPA",587
6052319,365,60590626441,"SAWPA",588
6056287,365,60590626441,"SAWPA",589
6052307,365,60590626441,"SAWPA",590
6053179,365,60590626441,"SAWPA",591
6052312,365,60590626441,"SAWPA",592
6052915,365,60590626441,"SAWPA",593
6052920,365,60590626441,"SAWPA",594
6050825,365,60590626441,"SAWPA",595
6053104,365,60590626441,"SAWPA",596
6052991,365,60590626441,"SAWPA",597
6052301,365,60590626441,"SAWPA",598
6052271,365,60590626441,"SAWPA",599
6052853,365,60590626441,"SAWPA",600
6301588,225,60590626454,"SAWPA",601
6301871,225,60590626454,"SAWPA",602
6301591,225,60590626454,"SAWPA",603
6301593,225,60590626454,"SAWPA",604
6300428,225,60590626454,"SAWPA",605
6050326,225,60590626454,"SAWPA",606
6051260,225,60590626454,"SAWPA",607
6300505,225,60590626454,"SAWPA",608
6300392,225,60590626454,"SAWPA",609
6050176,225,60590626454,"SAWPA",610
6300407,225,60590626454,"SAWPA",611
6301970,225,60590626454,"SAWPA",612
6298063,365,60590626454,"SAWPA",613
6051263,225,60590626454,"SAWPA",614
6051275,225,60590626454,"SAWPA",615
6301948,225,60590626454,"SAWPA",616
6300435,225,60590626454,"SAWPA",617
6300389,225,60590626454,"SAWPA",618
6297912,225,60590626454,"SAWPA",619
6050233,225,60590626454,"SAWPA",620
6031793,365,60590630103,"SAWPA",621
6033384,365,60590630103,"SAWPA",622
6031884,365,60590630103,"SAWPA",623
6034750,365,60590630103,"SAWPA",624
6033104,365,60590630103,"SAWPA",625
6031797,365,60590630103,"SAWPA",626
6034680,365,60590630103,"SAWPA",627
6031035,365,60590630103,"SAWPA",628
6034808,365,60590630103,"SAWPA",629
6034819,365,60590630103,"SAWPA",630
6034809,365,60590630103,"SAWPA",631
6031966,365,60590630103,"SAWPA",632
6034673,365,60590630103,"SAWPA",633
6034686,365,60590630103,"SAWPA",634
6033909,365,60590630103,"SAWPA",635
6034665,365,60590630103,"SAWPA",636
6037834,365,60590630103,"SAWPA",637
6034845,365,60590630103,"SAWPA",638
6033381,365,60590630103,"SAWPA",639
6030756,365,60590630103,"SAWPA",640
6031525,154,60590631031,"SAWPA",641
6048919,154,60590631031,"SAWPA",642
6048753,154,60590631031,"SAWPA",643
6049022,154,60590631031,"SAWPA",644
6031613,154,60590631031,"SAWPA",645
6048720,154,60590631031,"SAWPA",646
6049411,225,60590631031,"SAWPA",647
6049436,225,60590631031,"SAWPA",648
6049208,154,60590631031,"SAWPA",649
6049532,154,60590631031,"SAWPA",650
6030794,154,60590631031,"SAWPA",651
6049401,225,60590631031,"SAWPA",652
6031555,154,60590631031,"SAWPA",653
6049125,154,60590631031,"SAWPA",654
6049424,225,60590631031,"SAWPA",655
6048988,154,60590631031,"SAWPA",656
6049229,154,60590631031,"SAWPA",657
6031612,154,60590631031,"SAWPA",658
6048942,154,60590631031,"SAWPA",659
6049154,225,60590631031,"SAWPA",660
6136955,154,60590636012,"SAWPA",661
6136280,154,60590636012,"SAWPA",662
6136310,154,60590636012,"SAWPA",663
6040287,154,60590636012,"SAWPA",664
6040396,154,60590636012,"SAWPA",665
6040925,154,60590636012,"SAWPA",666
6040279,154,60590636012,"SAWPA",667
6040417,154,60590636012,"SAWPA",668
6136302,154,60590636012,"SAWPA",669
6136345,154,60590636012,"SAWPA",670
6136274,154,60590636012,"SAWPA",671
6136705,154,60590636012,"SAWPA",672
6136309,154,60590636012,"SAWPA",673
6040249,154,60590636012,"SAWPA",674
6136704,154,60590636012,"SAWPA",675
6040290,154,60590636012,"SAWPA",676
6040353,154,60590636012,"SAWPA",677
6136267,154,60590636012,"SAWPA",678
6040242,154,60590636012,"SAWPA",679
6136355,154,60590636012,"SAWPA",680
6153700,26,60590741061,"SAWPA",681
6153589,26,60590741061,"SAWPA",682
6153684,26,60590741061,"SAWPA",683
6163126,26,60590741061,"SAWPA",684
6159368,26,60590741061,"SAWPA",685
6153914,26,60590741061,"SAWPA",686
6159344,26,60590741061,"SAWPA",687
6153709,26,60590741061,"SAWPA",688
6159442,26,60590741061,"SAWPA",689
6153587,26,60590741061,"SAWPA",690
6163108,26,60590741061,"SAWPA",691
6159372,26,60590741061,"SAWPA",692
6163116,26,60590741061,"SAWPA",693
6153727,26,60590741061,"SAWPA",694
6153921,26,60590741061,"SAWPA",695
6153590,26,60590741061,"SAWPA",696
6153913,26,60590741061,"SAWPA",697
6153717,26,60590741061,"SAWPA",698
6159443,26,60590741061,"SAWPA",699
6159440,26,60590741061,"SAWPA",700
5409853,161,60590756042,"SAWPA",701
5410395,161,60590756042,"SAWPA",702
5409713,161,60590756042,"SAWPA",703
5409667,161,60590756042,"SAWPA",704
5409698,161,60590756042,"SAWPA",705
5439544,161,60590756042,"SAWPA",706
5409580,161,60590756042,"SAWPA",707
5410484,161,60590756042,"SAWPA",708
5409864,161,60590756042,"SAWPA",709
5410397,161,60590756042,"SAWPA",710
5409846,161,60590756042,"SAWPA",711
5439616,161,60590756042,"SAWPA",712
5439685,161,60590756042,"SAWPA",713
5409601,161,60590756042,"SAWPA",714
5409839,161,60590756042,"SAWPA",715
5410018,161,60590756042,"SAWPA",716
5439642,161,60590756042,"SAWPA",717
5410485,161,60590756042,"SAWPA",718
5409866,161,60590756042,"SAWPA",719
5410035,161,60590756042,"SAWPA",720
5437448,225,60590756055,"SAWPA",721
5418688,225,60590756055,"SAWPA",722
5422022,225,60590756055,"SAWPA",723
5437469,225,60590756055,"SAWPA",724
5421095,225,60590756055,"SAWPA",725
5422081,225,60590756055,"SAWPA",726
5437509,225,60590756055,"SAWPA",727
5437639,225,60590756055,"SAWPA",728
5421005,225,60590756055,"SAWPA",729
5421062,225,60590756055,"SAWPA",730
5437537,225,60590756055,"SAWPA",731
5437561,225,60590756055,"SAWPA",732
5422053,225,60590756055,"SAWPA",733
5422118,225,60590756055,"SAWPA",734
5422098,225,60590756055,"SAWPA",735
5421050,225,60590756055,"SAWPA",736
5437438,225,60590756055,"SAWPA",737
5421045,225,60590756055,"SAWPA",738
5422037,225,60590756055,"SAWPA",739
5422005,225,60590756055,"SAWPA",740
5426028,51,60590762054,"SAWPA",741
5425990,51,60590762054,"SAWPA",742
5426032,51,60590762054,"SAWPA",743
5425967,51,60590762054,"SAWPA",744
5425996,51,60590762054,"SAWPA",745
5484583,51,60590762054,"SAWPA",746
5484580,51,60590762054,"SAWPA",747
5425984,51,60590762054,"SAWPA",748
5426058,51,60590762054,"SAWPA",749
5425968,51,60590762054,"SAWPA",750
5425983,51,60590762054,"SAWPA",751
5484521,51,60590762054,"SAWPA",752
5426046,51,60590762054,"SAWPA",753
5484576,51,60590762054,"SAWPA",754
5425977,51,60590762054,"SAWPA",755
5482847,51,60590762054,"SAWPA",756
5425991,51,60590762054,"SAWPA",757
5484517,51,60590762054,"SAWPA",758
5426012,51,60590762054,"SAWPA",759
5482924,51,60590762054,"SAWPA",760
5563469,164,60590869023,"SAWPA",761
5578298,164,60590869023,"SAWPA",762
5572427,164,60590869023,"SAWPA",763
5557725,164,60590869023,"SAWPA",764
5572404,164,60590869023,"SAWPA",765
5568523,164,60590869023,"SAWPA",766
5557705,164,60590869023,"SAWPA",767
5578333,164,60590869023,"SAWPA",768
5568506,164,60590869023,"SAWPA",769
5572396,164,60590869023,"SAWPA",770
5572384,164,60590869023,"SAWPA",771
5568449,164,60590869023,"SAWPA",772
5568497,164,60590869023,"SAWPA",773
5572402,164,60590869023,"SAWPA",774
5568534,164,60590869023,"SAWPA",775
5568463,164,60590869023,"SAWPA",776
5563466,164,60590869023,"SAWPA",777
5557814,164,60590869023,"SAWPA",778
5557765,164,60590869023,"SAWPA",779
5568531,164,60590869023,"SAWPA",780
5496866,164,60590875044,"SAWPA",781
5497361,164,60590875044,"SAWPA",782
5496828,164,60590875044,"SAWPA",783
5476635,164,60590875044,"SAWPA",784
5476664,164,60590875044,"SAWPA",785
5496785,164,60590875044,"SAWPA",786
5496863,164,60590875044,"SAWPA",787
5496746,164,60590875044,"SAWPA",788
5496795,164,60590875044,"SAWPA",789
5496841,164,60590875044,"SAWPA",790
5476648,164,60590875044,"SAWPA",791
5497383,164,60590875044,"SAWPA",792
5496843,164,60590875044,"SAWPA",793
5496735,164,60590875044,"SAWPA",794
5476632,164,60590875044,"SAWPA",795
5476665,164,60590875044,"SAWPA",796
5496741,164,60590875044,"SAWPA",797
5476619,164,60590875044,"SAWPA",798
5497381,164,60590875044,"SAWPA",799
5496822,164,60590875044,"SAWPA",800
6155115,13,60590992043,"SAWPA",801
6155058,375,60590992043,"SAWPA",802
6155761,375,60590992043,"SAWPA",803
6138774,375,60590992043,"SAWPA",804
6154698,13,60590992043,"SAWPA",805
6155759,375,60590992043,"SAWPA",806
6155085,375,60590992043,"SAWPA",807
6138722,375,60590992043,"SAWPA",808
6140698,375,60590992043,"SAWPA",809
6154722,375,60590992043,"SAWPA",810
6155101,375,60590992043,"SAWPA",811
6154645,13,60590992043,"SAWPA",812
6154606,375,60590992043,"SAWPA",813
6155160,375,60590992043,"SAWPA",814
6154650,13,60590992043,"SAWPA",815
6150770,13,60590992043,"SAWPA",816
6140665,375,60590992043,"SAWPA",817
6154720,375,60590992043,"SAWPA",818
6155811,375,60590992043,"SAWPA",819
6155839,375,60590992043,"SAWPA",820
6142327,13,60590992262,"SAWPA",821
6141381,13,60590992262,"SAWPA",822
6142226,13,60590992262,"SAWPA",823
6142261,13,60590992262,"SAWPA",824
6142139,13,60590992262,"SAWPA",825
6142351,13,60590992262,"SAWPA",826
6141475,13,60590992262,"SAWPA",827
6143445,13,60590992262,"SAWPA",828
6142262,13,60590992262,"SAWPA",829
6141411,13,60590992262,"SAWPA",830
6143521,13,60590992262,"SAWPA",831
6141419,13,60590992262,"SAWPA",832
6141468,13,60590992262,"SAWPA",833
6141467,13,60590992262,"SAWPA",834
6143391,13,60590992262,"SAWPA",835
6142180,13,60590992262,"SAWPA",836
6141508,13,60590992262,"SAWPA",837
6141349,13,60590992262,"SAWPA",838
6142199,13,60590992262,"SAWPA",839
6143335,13,60590992262,"SAWPA",840
6147650,13,60590992321,"SAWPA",841
6113305,13,60590992321,"SAWPA",842
6156691,13,60590992321,"SAWPA",843
6147646,13,60590992321,"SAWPA",844
6156045,13,60590992321,"SAWPA",845
6156695,13,60590992321,"SAWPA",846
6147635,13,60590992321,"SAWPA",847
6147652,13,60590992321,"SAWPA",848
6113284,13,60590992321,"SAWPA",849
6116096,13,60590992321,"SAWPA",850
6147601,13,60590992321,"SAWPA",851
6116168,13,60590992321,"SAWPA",852
6147612,13,60590992321,"SAWPA",853
6147653,13,60590992321,"SAWPA",854
6116037,13,60590992321,"SAWPA",855
6147606,13,60590992321,"SAWPA",856
6116057,13,60590992321,"SAWPA",857
6156084,13,60590992321,"SAWPA",858
6156099,13,60590992321,"SAWPA",859
6147626,13,60590992321,"SAWPA",860
6110943,277,60590992393,"SAWPA",861
6111652,277,60590992393,"SAWPA",862
6107547,277,60590992393,"SAWPA",863
6107738,277,60590992393,"SAWPA",864
6111642,277,60590992393,"SAWPA",865
6110940,277,60590992393,"SAWPA",866
6111638,277,60590992393,"SAWPA",867
6107619,277,60590992393,"SAWPA",868
6107731,277,60590992393,"SAWPA",869
6106263,277,60590992393,"SAWPA",870
6107565,277,60590992393,"SAWPA",871
6107546,277,60590992393,"SAWPA",872
6108874,277,60590992393,"SAWPA",873
6107643,277,60590992393,"SAWPA",874
6110658,277,60590992393,"SAWPA",875
6107701,277,60590992393,"SAWPA",876
6107559,277,60590992393,"SAWPA",877
6107668,277,60590992393,"SAWPA",878
6107662,277,60590992393,"SAWPA",879
6111244,277,60590992393,"SAWPA",880
6110551,277,60590992404,"SAWPA",881
6109928,277,60590992404,"SAWPA",882
6108796,277,60590992404,"SAWPA",883
6110550,277,60590992404,"SAWPA",884
6111536,277,60590992404,"SAWPA",885
6110554,277,60590992404,"SAWPA",886
6107382,277,60590992404,"SAWPA",887
6107255,277,60590992404,"SAWPA",888
6107250,277,60590992404,"SAWPA",889
6111529,277,60590992404,"SAWPA",890
6107252,277,60590992404,"SAWPA",891
6107320,277,60590992404,"SAWPA",892
6111537,277,60590992404,"SAWPA",893
6110549,277,60590992404,"SAWPA",894
6107246,277,60590992404,"SAWPA",895
6107311,277,60590992404,"SAWPA",896
6111587,277,60590992404,"SAWPA",897
6111611,277,60590992404,"SAWPA",898
6107299,277,60590992404,"SAWPA",899
6110572,277,60590992404,"SAWPA",900
6194895,277,60590994151,"SAWPA",901
6194960,277,60590994151,"SAWPA",902
6198756,277,60590994151,"SAWPA",903
6187471,277,60590994151,"SAWPA",904
6194880,277,60590994151,"SAWPA",905
6188139,277,60590994151,"SAWPA",906
6194896,277,60590994151,"SAWPA",907
6194991,277,60590994151,"SAWPA",908
6194829,277,60590994151,"SAWPA",909
6169749,277,60590994151,"SAWPA",910
6194840,277,60590994151,"SAWPA",911
6194835,277,60590994151,"SAWPA",912
6169572,277,60590994151,"SAWPA",913
6196111,277,60590994151,"SAWPA",914
6196129,277,60590994151,"SAWPA",915
6198723,277,60590994151,"SAWPA",916
6169731,277,60590994151,"SAWPA",917
6194888,277,60590994151,"SAWPA",918
6198722,277,60590994151,"SAWPA",919
6195827,277,60590994151,"SAWPA",920
6176761,277,60590996042,"SAWPA",921
6177902,277,60590996042,"SAWPA",922
6179297,277,60590996042,"SAWPA",923
6177874,277,60590996042,"SAWPA",924
6177097,277,60590996042,"SAWPA",925
6176768,277,60590996042,"SAWPA",926
5249502,277,60590996042,"SAWPA",927
6177889,277,60590996042,"SAWPA",928
6176718,277,60590996042,"SAWPA",929
6177107,277,60590996042,"SAWPA",930
6177085,277,60590996042,"SAWPA",931
6177892,277,60590996042,"SAWPA",932
6176837,277,60590996042,"SAWPA",933
6176764,277,60590996042,"SAWPA",934
5249537,277,60590996042,"SAWPA",935
5249520,277,60590996042,"SAWPA",936
5249526,277,60590996042,"SAWPA",937
5249580,277,60590996042,"SAWPA",938
6179226,277,60590996042,"SAWPA",939
6179295,277,60590996042,"SAWPA",940
5246449,,60590997011,"SAWPA",941
5246434,,60590997011,"SAWPA",942
5245846,375,60590997011,"SAWPA",943
5246910,,60590997011,"SAWPA",944
5246500,,60590997011,"SAWPA",945
5246497,,60590997011,"SAWPA",946
5240538,375,60590997011,"SAWPA",947
5246875,,60590997011,"SAWPA",948
5240847,375,60590997011,"SAWPA",949
5246912,,60590997011,"SAWPA",950
6192261,,60590997011,"SAWPA",951
5246473,,60590997011,"SAWPA",952
6192160,375,60590997011,"SAWPA",953
5246615,,60590997011,"SAWPA",954
5246419,,60590997011,"SAWPA",955
5246452,,60590997011,"SAWPA",956
5245964,375,60590997011,"SAWPA",957
6192143,375,60590997011,"SAWPA",958
6192239,375,60590997011,"SAWPA",959
6192139,375,60590997011,"SAWPA",960
5248376,375,60590997022,"SAWPA",961
6185196,277,60590997022,"SAWPA",962
5248314,375,60590997022,"SAWPA",963
6185231,277,60590997022,"SAWPA",964
5248327,277,60590997022,"SAWPA",965
6175673,375,60590997022,"SAWPA",966
6185184,277,60590997022,"SAWPA",967
5244933,375,60590997022,"SAWPA",968
5244993,375,60590997022,"SAWPA",969
5244992,277,60590997022,"SAWPA",970
6185219,375,60590997022,"SAWPA",971
5244957,375,60590997022,"SAWPA",972
6185348,277,60590997022,"SAWPA",973
6185193,375,60590997022,"SAWPA",974
5248356,277,60590997022,"SAWPA",975
5245005,277,60590997022,"SAWPA",976
5245054,375,60590997022,"SAWPA",977
5245049,375,60590997022,"SAWPA",978
6175647,375,60590997022,"SAWPA",979
6185345,277,60590997022,"SAWPA",980
5585231,344,60591101021,"SAWPA",981
5585121,344,60591101021,"SAWPA",982
5585088,344,60591101021,"SAWPA",983
5585339,344,60591101021,"SAWPA",984
5585004,344,60591101021,"SAWPA",985
5585509,344,60591101021,"SAWPA",986
5585198,344,60591101021,"SAWPA",987
5585199,344,60591101021,"SAWPA",988
5585306,344,60591101021,"SAWPA",989
5584823,344,60591101021,"SAWPA",990
5585376,344,60591101021,"SAWPA",991
5585510,344,60591101021,"SAWPA",992
5585085,344,60591101021,"SAWPA",993
5585266,344,60591101021,"SAWPA",994
5585294,344,60591101021,"SAWPA",995
5585058,344,60591101021,"SAWPA",996
5584667,344,60591101021,"SAWPA",997
5585144,344,60591101021,"SAWPA",998
5585206,344,60591101021,"SAWPA",999
5584982,344,60591101021,"SAWPA",1000
5559384,107,60591101093,"SAWPA",1001
5562277,107,60591101093,"SAWPA",1002
5562296,107,60591101093,"SAWPA",1003
5559369,107,60591101093,"SAWPA",1004
5559482,107,60591101093,"SAWPA",1005
5559544,107,60591101093,"SAWPA",1006
5559475,107,60591101093,"SAWPA",1007
5559535,107,60591101093,"SAWPA",1008
5558492,107,60591101093,"SAWPA",1009
5562393,107,60591101093,"SAWPA",1010
5562294,107,60591101093,"SAWPA",1011
5562315,107,60591101093,"SAWPA",1012
5559344,107,60591101093,"SAWPA",1013
5559373,107,60591101093,"SAWPA",1014
5562268,107,60591101093,"SAWPA",1015
5562364,107,60591101093,"SAWPA",1016
5559434,107,60591101093,"SAWPA",1017
5559507,107,60591101093,"SAWPA",1018
5562395,107,60591101093,"SAWPA",1019
5562341,107,60591101093,"SAWPA",1020
5587155,107,60591101113,"SAWPA",1021
5588768,107,60591101113,"SAWPA",1022
5587105,107,60591101113,"SAWPA",1023
5587066,107,60591101113,"SAWPA",1024
5587079,107,60591101113,"SAWPA",1025
5587150,107,60591101113,"SAWPA",1026
5588821,107,60591101113,"SAWPA",1027
5586962,107,60591101113,"SAWPA",1028
5587093,107,60591101113,"SAWPA",1029
5587185,107,60591101113,"SAWPA",1030
5587196,107,60591101113,"SAWPA",1031
5587198,107,60591101113,"SAWPA",1032
5587085,107,60591101113,"SAWPA",1033
5588771,107,60591101113,"SAWPA",1034
5588791,107,60591101113,"SAWPA",1035
5586954,107,60591101113,"SAWPA",1036
5587180,107,60591101113,"SAWPA",1037
5587162,107,60591101113,"SAWPA",1038
5588770,107,60591101113,"SAWPA",1039
5587148,107,60591101113,"SAWPA",1040
5539028,344,60591101152,"SAWPA",1041
5539258,344,60591101152,"SAWPA",1042
5539044,344,60591101152,"SAWPA",1043
5539094,344,60591101152,"SAWPA",1044
5539139,344,60591101152,"SAWPA",1045
5538962,344,60591101152,"SAWPA",1046
5539275,344,60591101152,"SAWPA",1047
5539195,344,60591101152,"SAWPA",1048
5540481,344,60591101152,"SAWPA",1049
5539232,344,60591101152,"SAWPA",1050
5539310,344,60591101152,"SAWPA",1051
5539305,344,60591101152,"SAWPA",1052
5538960,344,60591101152,"SAWPA",1053
5538948,344,60591101152,"SAWPA",1054
5539212,344,60591101152,"SAWPA",1055
5540457,344,60591101152,"SAWPA",1056
5538971,344,60591101152,"SAWPA",1057
5539065,344,60591101152,"SAWPA",1058
5539246,344,60591101152,"SAWPA",1059
5539063,344,60591101152,"SAWPA",1060
5586119,344,60591101163,"SAWPA",1061
5586448,344,60591101163,"SAWPA",1062
5586541,344,60591101163,"SAWPA",1063
5586091,344,60591101163,"SAWPA",1064
5586369,344,60591101163,"SAWPA",1065
5586120,344,60591101163,"SAWPA",1066
5586114,344,60591101163,"SAWPA",1067
5586063,344,60591101163,"SAWPA",1068
5586095,344,60591101163,"SAWPA",1069
5586479,344,60591101163,"SAWPA",1070
5586517,344,60591101163,"SAWPA",1071
5586366,344,60591101163,"SAWPA",1072
5586059,344,60591101163,"SAWPA",1073
5586377,344,60591101163,"SAWPA",1074
5586106,344,60591101163,"SAWPA",1075
5586172,344,60591101163,"SAWPA",1076
5539584,344,60591101163,"SAWPA",1077
5586107,344,60591101163,"SAWPA",1078
5586169,344,60591101163,"SAWPA",1079
5586399,344,60591101163,"SAWPA",1080
5573315,54,60591103012,"SAWPA",1081
5538466,54,60591103012,"SAWPA",1082
5575359,54,60591103012,"SAWPA",1083
5538470,54,60591103012,"SAWPA",1084
5538577,54,60591103012,"SAWPA",1085
5538484,54,60591103012,"SAWPA",1086
5575354,54,60591103012,"SAWPA",1087
5575445,54,60591103012,"SAWPA",1088
5575410,54,60591103012,"SAWPA",1089
5538464,54,60591103012,"SAWPA",1090
5575416,54,60591103012,"SAWPA",1091
5575379,54,60591103012,"SAWPA",1092
5538537,54,60591103012,"SAWPA",1093
5575441,54,60591103012,"SAWPA",1094
5575486,54,60591103012,"SAWPA",1095
5575482,54,60591103012,"SAWPA",1096
5538603,54,60591103012,"SAWPA",1097
5538615,54,60591103012,"SAWPA",1098
5538607,54,60591103012,"SAWPA",1099
5575383,54,60591103012,"SAWPA",1100
1742131,167,60650316024,"SAWPA",1101
1742194,167,60650316024,"SAWPA",1102
1733974,167,60650316024,"SAWPA",1103
4915130,167,60650316024,"SAWPA",1104
1742185,167,60650316024,"SAWPA",1105
1742183,167,60650316024,"SAWPA",1106
4887401,167,60650316024,"SAWPA",1107
1733952,167,60650316024,"SAWPA",1108
4921652,167,60650316024,"SAWPA",1109
4906439,167,60650316024,"SAWPA",1110
4915078,167,60650316024,"SAWPA",1111
4906448,167,60650316024,"SAWPA",1112
1742201,167,60650316024,"SAWPA",1113
1742132,167,60650316024,"SAWPA",1114
4915109,167,60650316024,"SAWPA",1115
1737852,167,60650316024,"SAWPA",1116
1742182,167,60650316024,"SAWPA",1117
4887374,167,60650316024,"SAWPA",1118
1734034,167,60650316024,"SAWPA",1119
4915123,167,60650316024,"SAWPA",1120
4904967,167,60650317021,"SAWPA",1121
4910795,167,60650317021,"SAWPA",1122
4905160,167,60650317021,"SAWPA",1123
4910948,167,60650317021,"SAWPA",1124
4910995,167,60650317021,"SAWPA",1125
4905153,167,60650317021,"SAWPA",1126
4917348,167,60650317021,"SAWPA",1127
4905182,167,60650317021,"SAWPA",1128
4910864,167,60650317021,"SAWPA",1129
1731933,167,60650317021,"SAWPA",1130
4904975,167,60650317021,"SAWPA",1131
4910952,167,60650317021,"SAWPA",1132
4917344,167,60650317021,"SAWPA",1133
4905230,167,60650317021,"SAWPA",1134
4905145,167,60650317021,"SAWPA",1135
1731926,167,60650317021,"SAWPA",1136
4905249,167,60650317021,"SAWPA",1137
4905015,167,60650317021,"SAWPA",1138
4910999,167,60650317021,"SAWPA",1139
1731951,167,60650317021,"SAWPA",1140
1597592,404,60650408132,"SAWPA",1141
4940683,404,60650408132,"SAWPA",1142
1611458,404,60650408132,"SAWPA",1143
4940725,404,60650408132,"SAWPA",1144
4896994,404,60650408132,"SAWPA",1145
4892852,404,60650408132,"SAWPA",1146
4920036,404,60650408132,"SAWPA",1147
4892805,404,60650408132,"SAWPA",1148
4914126,404,60650408132,"SAWPA",1149
4902058,404,60650408132,"SAWPA",1150
4940610,404,60650408132,"SAWPA",1151
4896895,404,60650408132,"SAWPA",1152
4892812,404,60650408132,"SAWPA",1153
4885460,404,60650408132,"SAWPA",1154
1611468,404,60650408132,"SAWPA",1155
4896888,404,60650408132,"SAWPA",1156
4912209,404,60650408132,"SAWPA",1157
4896940,404,60650408132,"SAWPA",1158
1611478,404,60650408132,"SAWPA",1159
4892821,404,60650408132,"SAWPA",1160
1612556,167,60650412022,"SAWPA",1161
1595101,167,60650412022,"SAWPA",1162
1600745,167,60650412022,"SAWPA",1163
1600726,167,60650412022,"SAWPA",1164
4897391,167,60650412022,"SAWPA",1165
1595138,167,60650412022,"SAWPA",1166
1612610,167,60650412022,"SAWPA",1167
1619557,167,60650412022,"SAWPA",1168
1612554,167,60650412022,"SAWPA",1169
1600883,167,60650412022,"SAWPA",1170
1600859,167,60650412022,"SAWPA",1171
1612668,167,60650412022,"SAWPA",1172
4897229,167,60650412022,"SAWPA",1173
4897245,167,60650412022,"SAWPA",1174
1595121,167,60650412022,"SAWPA",1175
1607185,167,60650412022,"SAWPA",1176
4897260,167,60650412022,"SAWPA",1177
4921062,167,60650412022,"SAWPA",1178
1607160,167,60650412022,"SAWPA",1179
1600906,167,60650412022,"SAWPA",1180
4847993,167,60650414052,"SAWPA",1181
4912036,167,60650414052,"SAWPA",1182
4848018,167,60650414052,"SAWPA",1183
4856304,167,60650414052,"SAWPA",1184
4883413,167,60650414052,"SAWPA",1185
4913884,167,60650414052,"SAWPA",1186
4883422,167,60650414052,"SAWPA",1187
4883423,167,60650414052,"SAWPA",1188
4847981,167,60650414052,"SAWPA",1189
4912179,167,60650414052,"SAWPA",1190
4912163,167,60650414052,"SAWPA",1191
4913972,167,60650414052,"SAWPA",1192
4856262,167,60650414052,"SAWPA",1193
4883172,167,60650414052,"SAWPA",1194
4913995,167,60650414052,"SAWPA",1195
4856420,167,60650414052,"SAWPA",1196
4883351,167,60650414052,"SAWPA",1197
4883331,167,60650414052,"SAWPA",1198
4883348,167,60650414052,"SAWPA",1199
4883342,167,60650414052,"SAWPA",1200
4850294,,60650414093,"SAWPA",1201
4869759,,60650414093,"SAWPA",1202
4852157,,60650414093,"SAWPA",1203
4872310,,60650414093,"SAWPA",1204
4859770,167,60650414093,"SAWPA",1205
4862376,167,60650414093,"SAWPA",1206
4872357,,60650414093,"SAWPA",1207
4859600,167,60650414093,"SAWPA",1208
4852041,,60650414093,"SAWPA",1209
4869788,,60650414093,"SAWPA",1210
4859761,167,60650414093,"SAWPA",1211
4873011,,60650414093,"SAWPA",1212
4851686,167,60650414093,"SAWPA",1213
4862375,167,60650414093,"SAWPA",1214
4850185,,60650414093,"SAWPA",1215
4869774,,60650414093,"SAWPA",1216
4859727,167,60650414093,"SAWPA",1217
4879731,,60650414093,"SAWPA",1218
4850147,,60650414093,"SAWPA",1219
4873005,,60650414093,"SAWPA",1220
4937973,61,60650418061,"SAWPA",1221
4926701,61,60650418061,"SAWPA",1222
4928986,61,60650418061,"SAWPA",1223
4927112,61,60650418061,"SAWPA",1224
4952183,61,60650418061,"SAWPA",1225
4926556,61,60650418061,"SAWPA",1226
4926561,61,60650418061,"SAWPA",1227
4926654,61,60650418061,"SAWPA",1228
4926671,61,60650418061,"SAWPA",1229
4926721,61,60650418061,"SAWPA",1230
4937984,61,60650418061,"SAWPA",1231
4926559,61,60650418061,"SAWPA",1232
4926754,61,60650418061,"SAWPA",1233
4926712,61,60650418061,"SAWPA",1234
4926677,61,60650418061,"SAWPA",1235
4928953,61,60650418061,"SAWPA",1236
4926707,61,60650418061,"SAWPA",1237
4926619,61,60650418061,"SAWPA",1238
4927097,61,60650418061,"SAWPA",1239
4926780,61,60650418061,"SAWPA",1240
4940999,61,60650419041,"SAWPA",1241
4930826,61,60650419041,"SAWPA",1242
4940954,61,60650419041,"SAWPA",1243
4925613,61,60650419041,"SAWPA",1244
4940942,61,60650419041,"SAWPA",1245
4936188,61,60650419041,"SAWPA",1246
4940822,61,60650419041,"SAWPA",1247
4940834,61,60650419041,"SAWPA",1248
4940989,61,60650419041,"SAWPA",1249
4940973,61,60650419041,"SAWPA",1250
4936192,61,60650419041,"SAWPA",1251
4936186,61,60650419041,"SAWPA",1252
4925570,61,60650419041,"SAWPA",1253
4940854,61,60650419041,"SAWPA",1254
4925637,61,60650419041,"SAWPA",1255
4925491,61,60650419041,"SAWPA",1256
4924320,61,60650419041,"SAWPA",1257
4925490,61,60650419041,"SAWPA",1258
4940841,61,60650419041,"SAWPA",1259
4940904,61,60650419041,"SAWPA",1260
4930935,61,60650419121,"SAWPA",1261
4929428,61,60650419121,"SAWPA",1262
4930713,61,60650419121,"SAWPA",1263
4930891,61,60650419121,"SAWPA",1264
4930616,61,60650419121,"SAWPA",1265
4930780,61,60650419121,"SAWPA",1266
4931063,61,60650419121,"SAWPA",1267
4930738,61,60650419121,"SAWPA",1268
4930646,61,60650419121,"SAWPA",1269
4930706,61,60650419121,"SAWPA",1270
4930763,61,60650419121,"SAWPA",1271
4940726,61,60650419121,"SAWPA",1272
4930995,61,60650419121,"SAWPA",1273
4930606,61,60650419121,"SAWPA",1274
4930678,61,60650419121,"SAWPA",1275
4953633,61,60650419121,"SAWPA",1276
4930906,61,60650419121,"SAWPA",1277
4929359,61,60650419121,"SAWPA",1278
4942824,61,60650419121,"SAWPA",1279
4931043,61,60650419121,"SAWPA",1280
5391607,53,60650427091,"SAWPA",1281
5360314,53,60650427091,"SAWPA",1282
5395255,53,60650427091,"SAWPA",1283
5392342,53,60650427091,"SAWPA",1284
5391592,53,60650427091,"SAWPA",1285
5935252,53,60650427091,"SAWPA",1286
5334596,53,60650427091,"SAWPA",1287
5391385,53,60650427091,"SAWPA",1288
5391441,53,60650427091,"SAWPA",1289
5313135,53,60650427091,"SAWPA",1290
5334566,53,60650427091,"SAWPA",1291
5391445,53,60650427091,"SAWPA",1292
5374790,53,60650427091,"SAWPA",1293
5391382,53,60650427091,"SAWPA",1294
5305699,53,60650427091,"SAWPA",1295
5391379,53,60650427091,"SAWPA",1296
5334594,53,60650427091,"SAWPA",1297
5305481,53,60650427091,"SAWPA",1298
5334558,53,60650427091,"SAWPA",1299
5305488,53,60650427091,"SAWPA",1300
4818452,53,60650427191,"SAWPA",1301
4824699,53,60650427191,"SAWPA",1302
4840484,53,60650427191,"SAWPA",1303
4819721,53,60650427191,"SAWPA",1304
4842856,121,60650427191,"SAWPA",1305
4839456,53,60650427191,"SAWPA",1306
4824853,53,60650427191,"SAWPA",1307
4824812,53,60650427191,"SAWPA",1308
4819599,53,60650427191,"SAWPA",1309
4819757,53,60650427191,"SAWPA",1310
4819685,53,60650427191,"SAWPA",1311
4821665,53,60650427191,"SAWPA",1312
4825544,53,60650427191,"SAWPA",1313
4819847,53,60650427191,"SAWPA",1314
4824750,53,60650427191,"SAWPA",1315
4821720,53,60650427191,"SAWPA",1316
4824830,53,60650427191,"SAWPA",1317
4819616,53,60650427191,"SAWPA",1318
4816438,53,60650427191,"SAWPA",1319
4821634,53,60650427191,"SAWPA",1320
5357284,53,60650427202,"SAWPA",1321
5851062,53,60650427202,"SAWPA",1322
4817794,53,60650427202,"SAWPA",1323
4821560,53,60650427202,"SAWPA",1324
5357162,53,60650427202,"SAWPA",1325
4821710,53,60650427202,"SAWPA",1326
5851200,53,60650427202,"SAWPA",1327
5311805,53,60650427202,"SAWPA",1328
5330135,53,60650427202,"SAWPA",1329
4815892,53,60650427202,"SAWPA",1330
4825484,53,60650427202,"SAWPA",1331
4821671,53,60650427202,"SAWPA",1332
5357158,53,60650427202,"SAWPA",1333
5851156,53,60650427202,"SAWPA",1334
4818336,53,60650427202,"SAWPA",1335
4818238,53,60650427202,"SAWPA",1336
4816039,53,60650427202,"SAWPA",1337
4818245,53,60650427202,"SAWPA",1338
5330119,53,60650427202,"SAWPA",1339
4815988,53,60650427202,"SAWPA",1340
5933091,53,60650427241,"SAWPA",1341
4636812,53,60650427241,"SAWPA",1342
5371387,53,60650427241,"SAWPA",1343
5374273,53,60650427241,"SAWPA",1344
4636802,53,60650427241,"SAWPA",1345
5371191,53,60650427241,"SAWPA",1346
5378257,53,60650427241,"SAWPA",1347
5887558,53,60650427241,"SAWPA",1348
5887786,53,60650427241,"SAWPA",1349
5371205,53,60650427241,"SAWPA",1350
5887605,53,60650427241,"SAWPA",1351
4627055,53,60650427241,"SAWPA",1352
5371213,53,60650427241,"SAWPA",1353
5937474,53,60650427241,"SAWPA",1354
5371347,53,60650427241,"SAWPA",1355
5377038,53,60650427241,"SAWPA",1356
5933004,53,60650427241,"SAWPA",1357
5374589,53,60650427241,"SAWPA",1358
5929915,53,60650427241,"SAWPA",1359
5382572,53,60650427241,"SAWPA",1360
5891049,53,60650427292,"SAWPA",1361
5368995,53,60650427292,"SAWPA",1362
5887645,53,60650427292,"SAWPA",1363
5377327,53,60650427292,"SAWPA",1364
5366318,53,60650427292,"SAWPA",1365
5353160,53,60650427292,"SAWPA",1366
5353104,53,60650427292,"SAWPA",1367
5930097,53,60650427292,"SAWPA",1368
5377312,53,60650427292,"SAWPA",1369
5368913,53,60650427292,"SAWPA",1370
5886674,53,60650427292,"SAWPA",1371
5383296,53,60650427292,"SAWPA",1372
5366234,53,60650427292,"SAWPA",1373
5363815,53,60650427292,"SAWPA",1374
5890946,53,60650427292,"SAWPA",1375
5935127,53,60650427292,"SAWPA",1376
5400725,53,60650427292,"SAWPA",1377
5891071,53,60650427292,"SAWPA",1378
5353121,53,60650427292,"SAWPA",1379
5891028,53,60650427292,"SAWPA",1380
4629618,53,60650427371,"SAWPA",1381
5358515,53,60650427371,"SAWPA",1382
5358460,53,60650427371,"SAWPA",1383
4629576,53,60650427371,"SAWPA",1384
5887796,53,60650427371,"SAWPA",1385
5378236,53,60650427371,"SAWPA",1386
4629622,53,60650427371,"SAWPA",1387
5358872,53,60650427371,"SAWPA",1388
5352804,53,60650427371,"SAWPA",1389
5377153,53,60650427371,"SAWPA",1390
5378224,53,60650427371,"SAWPA",1391
4629705,53,60650427371,"SAWPA",1392
5358933,53,60650427371,"SAWPA",1393
5372919,53,60650427371,"SAWPA",1394
5352866,53,60650427371,"SAWPA",1395
5383605,53,60650427371,"SAWPA",1396
5358958,53,60650427371,"SAWPA",1397
4629567,53,60650427371,"SAWPA",1398
5352905,53,60650427371,"SAWPA",1399
5352915,53,60650427371,"SAWPA",1400
5370800,53,60650427381,"SAWPA",1401
5888148,53,60650427381,"SAWPA",1402
5351901,53,60650427381,"SAWPA",1403
5371380,53,60650427381,"SAWPA",1404
4630226,53,60650427381,"SAWPA",1405
4629908,53,60650427381,"SAWPA",1406
4629942,53,60650427381,"SAWPA",1407
5886049,53,60650427381,"SAWPA",1408
5371054,53,60650427381,"SAWPA",1409
5371408,53,60650427381,"SAWPA",1410
5383596,53,60650427381,"SAWPA",1411
5371142,53,60650427381,"SAWPA",1412
4630091,53,60650427381,"SAWPA",1413
4630186,53,60650427381,"SAWPA",1414
4630190,53,60650427381,"SAWPA",1415
4630083,53,60650427381,"SAWPA",1416
5370812,53,60650427381,"SAWPA",1417
5888129,53,60650427381,"SAWPA",1418
4630146,53,60650427381,"SAWPA",1419
4629911,53,60650427381,"SAWPA",1420
5403945,53,60650427421,"SAWPA",1421
5897696,53,60650427421,"SAWPA",1422
5401824,53,60650427421,"SAWPA",1423
5401423,53,60650427421,"SAWPA",1424
5402078,53,60650427421,"SAWPA",1425
5401924,53,60650427421,"SAWPA",1426
5897681,53,60650427421,"SAWPA",1427
5897886,53,60650427421,"SAWPA",1428
5888656,53,60650427421,"SAWPA",1429
5888751,53,60650427421,"SAWPA",1430
5888694,53,60650427421,"SAWPA",1431
5897651,53,60650427421,"SAWPA",1432
5887949,53,60650427421,"SAWPA",1433
5888226,53,60650427421,"SAWPA",1434
5888033,53,60650427421,"SAWPA",1435
5401451,53,60650427421,"SAWPA",1436
5897721,53,60650427421,"SAWPA",1437
5888193,53,60650427421,"SAWPA",1438
5887980,53,60650427421,"SAWPA",1439
5887873,53,60650427421,"SAWPA",1440
5334946,53,60650433073,"SAWPA",1441
5329854,53,60650433073,"SAWPA",1442
5329926,53,60650433073,"SAWPA",1443
5329895,53,60650433073,"SAWPA",1444
5351513,53,60650433073,"SAWPA",1445
5856524,53,60650433073,"SAWPA",1446
5850979,53,60650433073,"SAWPA",1447
5351455,53,60650433073,"SAWPA",1448
5359955,53,60650433073,"SAWPA",1449
5334956,53,60650433073,"SAWPA",1450
5850900,53,60650433073,"SAWPA",1451
5351590,53,60650433073,"SAWPA",1452
5351512,53,60650433073,"SAWPA",1453
5351602,53,60650433073,"SAWPA",1454
5351471,53,60650433073,"SAWPA",1455
5351519,53,60650433073,"SAWPA",1456
5334945,53,60650433073,"SAWPA",1457
5329805,53,60650433073,"SAWPA",1458
5351571,53,60650433073,"SAWPA",1459
5329852,53,60650433073,"SAWPA",1460
4799168,53,60650433102,"SAWPA",1461
5384246,53,60650433102,"SAWPA",1462
5319123,53,60650433102,"SAWPA",1463
5319068,53,60650433102,"SAWPA",1464
5386397,53,60650433102,"SAWPA",1465
4790382,53,60650433102,"SAWPA",1466
5844376,53,60650433102,"SAWPA",1467
4790419,53,60650433102,"SAWPA",1468
5360579,53,60650433102,"SAWPA",1469
5350183,53,60650433102,"SAWPA",1470
5844526,53,60650433102,"SAWPA",1471
5360574,53,60650433102,"SAWPA",1472
5318825,53,60650433102,"SAWPA",1473
5350055,53,60650433102,"SAWPA",1474
5350118,53,60650433102,"SAWPA",1475
5844460,53,60650433102,"SAWPA",1476
5318661,53,60650433102,"SAWPA",1477
5384355,53,60650433102,"SAWPA",1478
5350039,53,60650433102,"SAWPA",1479
5350186,53,60650433102,"SAWPA",1480
5858624,53,60650434031,"SAWPA",1481
5358023,53,60650434031,"SAWPA",1482
5358017,53,60650434031,"SAWPA",1483
5364605,53,60650434031,"SAWPA",1484
5357985,53,60650434031,"SAWPA",1485
5321716,53,60650434031,"SAWPA",1486
5856567,53,60650434031,"SAWPA",1487
5357823,53,60650434031,"SAWPA",1488
5357936,53,60650434031,"SAWPA",1489
5357926,53,60650434031,"SAWPA",1490
5358000,53,60650434031,"SAWPA",1491
5335052,53,60650434031,"SAWPA",1492
5357830,53,60650434031,"SAWPA",1493
5321571,53,60650434031,"SAWPA",1494
5335006,53,60650434031,"SAWPA",1495
5856509,53,60650434031,"SAWPA",1496
5357957,53,60650434031,"SAWPA",1497
5364597,53,60650434031,"SAWPA",1498
5858532,53,60650434031,"SAWPA",1499
5856546,53,60650434031,"SAWPA",1500
4557827,,60650438232,"SAWPA",1501
4132972,,60650438232,"SAWPA",1502
4531707,314,60650438232,"SAWPA",1503
4129342,,60650438232,"SAWPA",1504
4540318,,60650438232,"SAWPA",1505
4557823,,60650438232,"SAWPA",1506
4545483,314,60650438232,"SAWPA",1507
4540369,,60650438232,"SAWPA",1508
4557829,,60650438232,"SAWPA",1509
4545494,,60650438232,"SAWPA",1510
4133121,,60650438232,"SAWPA",1511
4557135,,60650438232,"SAWPA",1512
4556955,,60650438232,"SAWPA",1513
4549283,,60650438232,"SAWPA",1514
4545087,,60650438232,"SAWPA",1515
4556950,,60650438232,"SAWPA",1516
4545728,,60650438232,"SAWPA",1517
4552800,,60650438232,"SAWPA",1518
4133191,,60650438232,"SAWPA",1519
4557018,,60650438232,"SAWPA",1520
5904277,261,60650464031,"SAWPA",1521
5904276,261,60650464031,"SAWPA",1522
5904116,261,60650464031,"SAWPA",1523
5924430,261,60650464031,"SAWPA",1524
5904255,261,60650464031,"SAWPA",1525
5903463,261,60650464031,"SAWPA",1526
5947221,261,60650464031,"SAWPA",1527
5947322,261,60650464031,"SAWPA",1528
5903947,261,60650464031,"SAWPA",1529
5903297,261,60650464031,"SAWPA",1530
5904213,261,60650464031,"SAWPA",1531
5903853,261,60650464031,"SAWPA",1532
5904023,261,60650464031,"SAWPA",1533
5957594,261,60650464031,"SAWPA",1534
5947450,261,60650464031,"SAWPA",1535
5947374,261,60650464031,"SAWPA",1536
5904304,261,60650464031,"SAWPA",1537
5903450,261,60650464031,"SAWPA",1538
5903786,261,60650464031,"SAWPA",1539
5904169,261,60650464031,"SAWPA",1540
4835256,53,60650489022,"SAWPA",1541
4733390,53,60650489022,"SAWPA",1542
4733984,53,60650489022,"SAWPA",1543
4733363,53,60650489022,"SAWPA",1544
4835284,53,60650489022,"SAWPA",1545
4733251,53,60650489022,"SAWPA",1546
4841375,53,60650489022,"SAWPA",1547
4835286,53,60650489022,"SAWPA",1548
4841220,53,60650489022,"SAWPA",1549
4835308,53,60650489022,"SAWPA",1550
4733386,53,60650489022,"SAWPA",1551
4733926,53,60650489022,"SAWPA",1552
4733284,53,60650489022,"SAWPA",1553
4733895,53,60650489022,"SAWPA",1554
4727218,53,60650489022,"SAWPA",1555
4733985,53,60650489022,"SAWPA",1556
4835293,53,60650489022,"SAWPA",1557
4841188,53,60650489022,"SAWPA",1558
4835324,53,60650489022,"SAWPA",1559
4733381,53,60650489022,"SAWPA",1560
4832200,53,60650490002,"SAWPA",1561
4814554,53,60650490002,"SAWPA",1562
4714430,53,60650490002,"SAWPA",1563
4840020,53,60650490002,"SAWPA",1564
4723531,53,60650490002,"SAWPA",1565
4829661,53,60650490002,"SAWPA",1566
4814499,53,60650490002,"SAWPA",1567
4814788,53,60650490002,"SAWPA",1568
4814394,53,60650490002,"SAWPA",1569
4840057,53,60650490002,"SAWPA",1570
4840926,53,60650490002,"SAWPA",1571
4818906,53,60650490002,"SAWPA",1572
4715021,53,60650490002,"SAWPA",1573
4735379,53,60650490002,"SAWPA",1574
4829723,53,60650490002,"SAWPA",1575
4814685,53,60650490002,"SAWPA",1576
4832427,53,60650490002,"SAWPA",1577
4814431,53,60650490002,"SAWPA",1578
4818722,53,60650490002,"SAWPA",1579
4714418,53,60650490002,"SAWPA",1580
4800167,53,60650513001,"SAWPA",1581
4811880,53,60650513001,"SAWPA",1582
4798606,53,60650513001,"SAWPA",1583
4810972,53,60650513001,"SAWPA",1584
4785141,53,60650513001,"SAWPA",1585
4793227,53,60650513001,"SAWPA",1586
4787828,53,60650513001,"SAWPA",1587
4811011,53,60650513001,"SAWPA",1588
4793044,53,60650513001,"SAWPA",1589
4790183,53,60650513001,"SAWPA",1590
4785146,53,60650513001,"SAWPA",1591
4808098,53,60650513001,"SAWPA",1592
4789580,53,60650513001,"SAWPA",1593
4800151,53,60650513001,"SAWPA",1594
4789645,53,60650513001,"SAWPA",1595
4798599,53,60650513001,"SAWPA",1596
4793250,53,60650513001,"SAWPA",1597
4806831,53,60650513001,"SAWPA",1598
4788308,53,60650513001,"SAWPA",1599
4807021,53,60650513001,"SAWPA",1600
1470944,229,60710002013,"SAWPA",1601
2151762,229,60710002013,"SAWPA",1602
2002604,229,60710002013,"SAWPA",1603
2002680,229,60710002013,"SAWPA",1604
2002664,229,60710002013,"SAWPA",1605
2002574,229,60710002013,"SAWPA",1606
1269608,229,60710002013,"SAWPA",1607
2002703,229,60710002013,"SAWPA",1608
1269607,229,60710002013,"SAWPA",1609
2002662,229,60710002013,"SAWPA",1610
2002559,229,60710002013,"SAWPA",1611
1269757,229,60710002013,"SAWPA",1612
1269700,229,60710002013,"SAWPA",1613
2002535,229,60710002013,"SAWPA",1614
2002681,229,60710002013,"SAWPA",1615
2002590,229,60710002013,"SAWPA",1616
2002544,229,60710002013,"SAWPA",1617
2151787,229,60710002013,"SAWPA",1618
2002536,229,60710002013,"SAWPA",1619
2002708,229,60710002013,"SAWPA",1620
4181899,211,60710006042,"SAWPA",1621
1517487,211,60710006042,"SAWPA",1622
4184098,211,60710006042,"SAWPA",1623
4184066,211,60710006042,"SAWPA",1624
1517080,211,60710006042,"SAWPA",1625
1517078,211,60710006042,"SAWPA",1626
4181950,211,60710006042,"SAWPA",1627
4184499,211,60710006042,"SAWPA",1628
1515578,211,60710006042,"SAWPA",1629
1520043,211,60710006042,"SAWPA",1630
4184775,211,60710006042,"SAWPA",1631
4181936,211,60710006042,"SAWPA",1632
1517096,211,60710006042,"SAWPA",1633
1517475,211,60710006042,"SAWPA",1634
1515559,211,60710006042,"SAWPA",1635
1515538,211,60710006042,"SAWPA",1636
1520102,211,60710006042,"SAWPA",1637
4184468,211,60710006042,"SAWPA",1638
4181881,211,60710006042,"SAWPA",1639
4184777,211,60710006042,"SAWPA",1640
1561756,276,60710008193,"SAWPA",1641
1572367,276,60710008193,"SAWPA",1642
1592935,276,60710008193,"SAWPA",1643
1572456,276,60710008193,"SAWPA",1644
1579307,276,60710008193,"SAWPA",1645
1561929,276,60710008193,"SAWPA",1646
1582745,276,60710008193,"SAWPA",1647
1592939,276,60710008193,"SAWPA",1648
2174702,276,60710008193,"SAWPA",1649
2175200,276,60710008193,"SAWPA",1650
1572548,276,60710008193,"SAWPA",1651
1572426,276,60710008193,"SAWPA",1652
1572438,276,60710008193,"SAWPA",1653
1572522,276,60710008193,"SAWPA",1654
2174703,276,60710008193,"SAWPA",1655
1582713,276,60710008193,"SAWPA",1656
1572502,276,60710008193,"SAWPA",1657
1572474,276,60710008193,"SAWPA",1658
1561788,276,60710008193,"SAWPA",1659
1572531,276,60710008193,"SAWPA",1660
2176011,276,60710009031,"SAWPA",1661
2176543,276,60710009031,"SAWPA",1662
1588572,276,60710009031,"SAWPA",1663
1574133,276,60710009031,"SAWPA",1664
2176993,276,60710009031,"SAWPA",1665
1574054,276,60710009031,"SAWPA",1666
1591694,276,60710009031,"SAWPA",1667
1588660,276,60710009031,"SAWPA",1668
1588651,276,60710009031,"SAWPA",1669
1591782,276,60710009031,"SAWPA",1670
1588558,276,60710009031,"SAWPA",1671
1591800,276,60710009031,"SAWPA",1672
1574127,276,60710009031,"SAWPA",1673
1591659,276,60710009031,"SAWPA",1674
1591783,276,60710009031,"SAWPA",1675
1588646,276,60710009031,"SAWPA",1676
2177249,276,60710009031,"SAWPA",1677
1588609,276,60710009031,"SAWPA",1678
1591596,276,60710009031,"SAWPA",1679
1591763,276,60710009031,"SAWPA",1680
1261621,10,60710016003,"SAWPA",1681
4177667,10,60710016003,"SAWPA",1682
1261571,10,60710016003,"SAWPA",1683
1465662,10,60710016003,"SAWPA",1684
4177172,10,60710016003,"SAWPA",1685
4177593,10,60710016003,"SAWPA",1686
4177534,10,60710016003,"SAWPA",1687
4177010,10,60710016003,"SAWPA",1688
1262026,10,60710016003,"SAWPA",1689
1469196,10,60710016003,"SAWPA",1690
4177012,10,60710016003,"SAWPA",1691
4177188,10,60710016003,"SAWPA",1692
4177183,10,60710016003,"SAWPA",1693
1469209,10,60710016003,"SAWPA",1694
1261557,10,60710016003,"SAWPA",1695
4177649,10,60710016003,"SAWPA",1696
4177657,10,60710016003,"SAWPA",1697
1261923,10,60710016003,"SAWPA",1698
1261554,10,60710016003,"SAWPA",1699
4177549,10,60710016003,"SAWPA",1700
1584081,240,60710020131,"SAWPA",1701
1580313,240,60710020131,"SAWPA",1702
1580322,240,60710020131,"SAWPA",1703
1583031,240,60710020131,"SAWPA",1704
1557779,240,60710020131,"SAWPA",1705
1582825,240,60710020131,"SAWPA",1706
1584123,240,60710020131,"SAWPA",1707
1557782,240,60710020131,"SAWPA",1708
1557769,240,60710020131,"SAWPA",1709
1946275,240,60710020131,"SAWPA",1710
1558940,240,60710020131,"SAWPA",1711
1580333,240,60710020131,"SAWPA",1712
1580241,240,60710020131,"SAWPA",1713
1557719,240,60710020131,"SAWPA",1714
1582948,240,60710020131,"SAWPA",1715
1557883,240,60710020131,"SAWPA",1716
1557440,240,60710020131,"SAWPA",1717
1580409,240,60710020131,"SAWPA",1718
1559039,240,60710020131,"SAWPA",1719
1583032,240,60710020131,"SAWPA",1720
1935394,240,60710020361,"SAWPA",1721
1935836,240,60710020361,"SAWPA",1722
1643918,240,60710020361,"SAWPA",1723
1577044,240,60710020361,"SAWPA",1724
1643667,240,60710020361,"SAWPA",1725
1644239,240,60710020361,"SAWPA",1726
1933050,240,60710020361,"SAWPA",1727
1578287,240,60710020361,"SAWPA",1728
1933005,240,60710020361,"SAWPA",1729
1566750,240,60710020361,"SAWPA",1730
1577133,240,60710020361,"SAWPA",1731
1577241,240,60710020361,"SAWPA",1732
1933176,240,60710020361,"SAWPA",1733
1936829,240,60710020361,"SAWPA",1734
1936846,240,60710020361,"SAWPA",1735
1933188,240,60710020361,"SAWPA",1736
1935853,240,60710020361,"SAWPA",1737
1568139,240,60710020361,"SAWPA",1738
1643612,240,60710020361,"SAWPA",1739
1577365,240,60710020361,"SAWPA",1740
1563943,240,60710021073,"SAWPA",1741
1563974,240,60710021073,"SAWPA",1742
1564015,240,60710021073,"SAWPA",1743
1627743,240,60710021073,"SAWPA",1744
1626692,240,60710021073,"SAWPA",1745
1564038,240,60710021073,"SAWPA",1746
1564069,240,60710021073,"SAWPA",1747
1563959,240,60710021073,"SAWPA",1748
1620943,240,60710021073,"SAWPA",1749
1563951,240,60710021073,"SAWPA",1750
1626744,240,60710021073,"SAWPA",1751
1620854,240,60710021073,"SAWPA",1752
1620907,240,60710021073,"SAWPA",1753
1627026,240,60710021073,"SAWPA",1754
1563998,240,60710021073,"SAWPA",1755
1627704,240,60710021073,"SAWPA",1756
1626928,240,60710021073,"SAWPA",1757
1620919,240,60710021073,"SAWPA",1758
1626828,240,60710021073,"SAWPA",1759
1627120,240,60710021073,"SAWPA",1760
1680352,240,60710022071,"SAWPA",1761
1678873,18,60710022071,"SAWPA",1762
1646496,240,60710022071,"SAWPA",1763
1648323,240,60710022071,"SAWPA",1764
1647063,18,60710022071,"SAWPA",1765
1682412,240,60710022071,"SAWPA",1766
1680390,240,60710022071,"SAWPA",1767
1680362,240,60710022071,"SAWPA",1768
1646498,240,60710022071,"SAWPA",1769
1682439,18,60710022071,"SAWPA",1770
1648448,240,60710022071,"SAWPA",1771
1646492,240,60710022071,"SAWPA",1772
1647052,240,60710022071,"SAWPA",1773
1646517,240,60710022071,"SAWPA",1774
1682420,240,60710022071,"SAWPA",1775
1647087,240,60710022071,"SAWPA",1776
1648056,18,60710022071,"SAWPA",1777
1648429,240,60710022071,"SAWPA",1778
1682451,240,60710022071,"SAWPA",1779
1684182,240,60710022071,"SAWPA",1780
1676362,18,60710023011,"SAWPA",1781
224828,18,60710023011,"SAWPA",1782
1676341,18,60710023011,"SAWPA",1783
1690748,18,60710023011,"SAWPA",1784
224533,18,60710023011,"SAWPA",1785
1676295,18,60710023011,"SAWPA",1786
1676319,18,60710023011,"SAWPA",1787
1676313,18,60710023011,"SAWPA",1788
225253,18,60710023011,"SAWPA",1789
224619,18,60710023011,"SAWPA",1790
224794,18,60710023011,"SAWPA",1791
1690711,18,60710023011,"SAWPA",1792
224729,18,60710023011,"SAWPA",1793
1676323,18,60710023011,"SAWPA",1794
224775,18,60710023011,"SAWPA",1795
224762,18,60710023011,"SAWPA",1796
225170,18,60710023011,"SAWPA",1797
1690533,18,60710023011,"SAWPA",1798
224843,18,60710023011,"SAWPA",1799
225131,18,60710023011,"SAWPA",1800
1673934,18,60710023013,"SAWPA",1801
1673779,18,60710023013,"SAWPA",1802
1673792,18,60710023013,"SAWPA",1803
1674862,18,60710023013,"SAWPA",1804
1677702,18,60710023013,"SAWPA",1805
1674903,18,60710023013,"SAWPA",1806
1677779,18,60710023013,"SAWPA",1807
1673740,18,60710023013,"SAWPA",1808
1677761,18,60710023013,"SAWPA",1809
1677557,18,60710023013,"SAWPA",1810
1673922,18,60710023013,"SAWPA",1811
1674921,18,60710023013,"SAWPA",1812
1677655,18,60710023013,"SAWPA",1813
1677571,18,60710023013,"SAWPA",1814
1688737,18,60710023013,"SAWPA",1815
1688876,18,60710023013,"SAWPA",1816
1673919,18,60710023013,"SAWPA",1817
1673804,18,60710023013,"SAWPA",1818
1677531,18,60710023013,"SAWPA",1819
1677585,18,60710023013,"SAWPA",1820
1669057,18,60710023061,"SAWPA",1821
221698,18,60710023061,"SAWPA",1822
1669060,18,60710023061,"SAWPA",1823
1687481,18,60710023061,"SAWPA",1824
225722,18,60710023061,"SAWPA",1825
1687483,18,60710023061,"SAWPA",1826
1686995,18,60710023061,"SAWPA",1827
1669098,18,60710023061,"SAWPA",1828
1669028,18,60710023061,"SAWPA",1829
1690055,18,60710023061,"SAWPA",1830
225733,18,60710023061,"SAWPA",1831
222583,18,60710023061,"SAWPA",1832
1668998,18,60710023061,"SAWPA",1833
1669017,18,60710023061,"SAWPA",1834
218277,18,60710023061,"SAWPA",1835
1687490,18,60710023061,"SAWPA",1836
1669014,18,60710023061,"SAWPA",1837
1686996,18,60710023061,"SAWPA",1838
1690079,18,60710023061,"SAWPA",1839
1686963,18,60710023061,"SAWPA",1840
218712,43,60710027041,"SAWPA",1841
224063,43,60710027041,"SAWPA",1842
218692,43,60710027041,"SAWPA",1843
221047,43,60710027041,"SAWPA",1844
221087,43,60710027041,"SAWPA",1845
221053,43,60710027041,"SAWPA",1846
224249,43,60710027041,"SAWPA",1847
221014,43,60710027041,"SAWPA",1848
224071,43,60710027041,"SAWPA",1849
220891,43,60710027041,"SAWPA",1850
220986,43,60710027041,"SAWPA",1851
220914,43,60710027041,"SAWPA",1852
220950,43,60710027041,"SAWPA",1853
218818,43,60710027041,"SAWPA",1854
221048,43,60710027041,"SAWPA",1855
224114,43,60710027041,"SAWPA",1856
218788,43,60710027041,"SAWPA",1857
218770,43,60710027041,"SAWPA",1858
218810,43,60710027041,"SAWPA",1859
220913,43,60710027041,"SAWPA",1860
1675370,18,60710029012,"SAWPA",1861
1752713,18,60710029012,"SAWPA",1862
1674333,18,60710029012,"SAWPA",1863
1753056,18,60710029012,"SAWPA",1864
1674365,18,60710029012,"SAWPA",1865
1753063,18,60710029012,"SAWPA",1866
1753147,18,60710029012,"SAWPA",1867
1674359,18,60710029012,"SAWPA",1868
1676411,18,60710029012,"SAWPA",1869
1674348,18,60710029012,"SAWPA",1870
1752708,18,60710029012,"SAWPA",1871
1636097,18,60710029012,"SAWPA",1872
1752701,18,60710029012,"SAWPA",1873
1675433,18,60710029012,"SAWPA",1874
1674286,18,60710029012,"SAWPA",1875
1752595,18,60710029012,"SAWPA",1876
1674267,18,60710029012,"SAWPA",1877
1674332,18,60710029012,"SAWPA",1878
1753186,18,60710029012,"SAWPA",1879
1752691,18,60710029012,"SAWPA",1880
1637936,18,60710031013,"SAWPA",1881
1637937,18,60710031013,"SAWPA",1882
1637915,18,60710031013,"SAWPA",1883
1638026,18,60710031013,"SAWPA",1884
1637933,18,60710031013,"SAWPA",1885
1640186,18,60710031013,"SAWPA",1886
1638038,18,60710031013,"SAWPA",1887
1637923,18,60710031013,"SAWPA",1888
1638012,18,60710031013,"SAWPA",1889
1638033,18,60710031013,"SAWPA",1890
1640232,18,60710031013,"SAWPA",1891
1640199,18,60710031013,"SAWPA",1892
1640225,18,60710031013,"SAWPA",1893
1640162,18,60710031013,"SAWPA",1894
1637924,18,60710031013,"SAWPA",1895
1638021,18,60710031013,"SAWPA",1896
1641026,18,60710031013,"SAWPA",1897
1640236,18,60710031013,"SAWPA",1898
1637913,18,60710031013,"SAWPA",1899
1637929,18,60710031013,"SAWPA",1900
1753890,18,60710034014,"SAWPA",1901
1677872,18,60710034014,"SAWPA",1902
1677832,18,60710034014,"SAWPA",1903
1677852,18,60710034014,"SAWPA",1904
1677977,18,60710034014,"SAWPA",1905
1765854,18,60710034014,"SAWPA",1906
1753798,18,60710034014,"SAWPA",1907
1765820,18,60710034014,"SAWPA",1908
1765836,18,60710034014,"SAWPA",1909
1765776,18,60710034014,"SAWPA",1910
1677864,18,60710034014,"SAWPA",1911
1753862,18,60710034014,"SAWPA",1912
1753803,18,60710034014,"SAWPA",1913
1765742,18,60710034014,"SAWPA",1914
1677956,18,60710034014,"SAWPA",1915
1753858,18,60710034014,"SAWPA",1916
1765835,18,60710034014,"SAWPA",1917
1765868,18,60710034014,"SAWPA",1918
1765815,18,60710034014,"SAWPA",1919
1753809,18,60710034014,"SAWPA",1920
1665650,43,60710035052,"SAWPA",1921
232622,43,60710035052,"SAWPA",1922
234421,43,60710035052,"SAWPA",1923
1687892,43,60710035052,"SAWPA",1924
234483,43,60710035052,"SAWPA",1925
1665600,43,60710035052,"SAWPA",1926
1688021,43,60710035052,"SAWPA",1927
232641,43,60710035052,"SAWPA",1928
1687789,43,60710035052,"SAWPA",1929
1665630,43,60710035052,"SAWPA",1930
232639,43,60710035052,"SAWPA",1931
1688034,43,60710035052,"SAWPA",1932
1687811,43,60710035052,"SAWPA",1933
1687961,43,60710035052,"SAWPA",1934
1687891,43,60710035052,"SAWPA",1935
1687909,43,60710035052,"SAWPA",1936
234431,174,60710035052,"SAWPA",1937
1687901,43,60710035052,"SAWPA",1938
1687992,43,60710035052,"SAWPA",1939
234385,174,60710035052,"SAWPA",1940
1769535,43,60710036112,"SAWPA",1941
1769578,43,60710036112,"SAWPA",1942
1767723,43,60710036112,"SAWPA",1943
1766805,43,60710036112,"SAWPA",1944
1767141,43,60710036112,"SAWPA",1945
1769594,43,60710036112,"SAWPA",1946
1767094,43,60710036112,"SAWPA",1947
1769540,43,60710036112,"SAWPA",1948
1767687,43,60710036112,"SAWPA",1949
1767111,43,60710036112,"SAWPA",1950
1767196,43,60710036112,"SAWPA",1951
1746080,43,60710036112,"SAWPA",1952
1769598,43,60710036112,"SAWPA",1953
1767137,43,60710036112,"SAWPA",1954
1769615,43,60710036112,"SAWPA",1955
1767217,43,60710036112,"SAWPA",1956
1767198,43,60710036112,"SAWPA",1957
1767207,43,60710036112,"SAWPA",1958
1769559,43,60710036112,"SAWPA",1959
1766770,43,60710036112,"SAWPA",1960
1662377,9,60710042022,"SAWPA",1961
1662490,9,60710042022,"SAWPA",1962
1662185,9,60710042022,"SAWPA",1963
199516,9,60710042022,"SAWPA",1964
1662349,9,60710042022,"SAWPA",1965
199552,9,60710042022,"SAWPA",1966
199619,9,60710042022,"SAWPA",1967
1662397,9,60710042022,"SAWPA",1968
1662217,9,60710042022,"SAWPA",1969
196689,9,60710042022,"SAWPA",1970
199509,9,60710042022,"SAWPA",1971
199560,9,60710042022,"SAWPA",1972
199580,9,60710042022,"SAWPA",1973
1662180,9,60710042022,"SAWPA",1974
1662380,9,60710042022,"SAWPA",1975
196688,9,60710042022,"SAWPA",1976
196771,9,60710042022,"SAWPA",1977
1662367,9,60710042022,"SAWPA",1978
199602,9,60710042022,"SAWPA",1979
199556,9,60710042022,"SAWPA",1980
188784,9,60710046031,"SAWPA",1981
191499,9,60710046031,"SAWPA",1982
191613,9,60710046031,"SAWPA",1983
191424,9,60710046031,"SAWPA",1984
192753,9,60710046031,"SAWPA",1985
191608,9,60710046031,"SAWPA",1986
192737,9,60710046031,"SAWPA",1987
191434,9,60710046031,"SAWPA",1988
191500,9,60710046031,"SAWPA",1989
188109,9,60710046031,"SAWPA",1990
188074,9,60710046031,"SAWPA",1991
191601,9,60710046031,"SAWPA",1992
191586,9,60710046031,"SAWPA",1993
191475,9,60710046031,"SAWPA",1994
191612,9,60710046031,"SAWPA",1995
191487,9,60710046031,"SAWPA",1996
188145,9,60710046031,"SAWPA",1997
192683,9,60710046031,"SAWPA",1998
188129,9,60710046031,"SAWPA",1999
191498,9,60710046031,"SAWPA",2000
1673244,9,60710055002,"SAWPA",2001
1673106,9,60710055002,"SAWPA",2002
250965,9,60710055002,"SAWPA",2003
1673264,9,60710055002,"SAWPA",2004
1673152,9,60710055002,"SAWPA",2005
194581,9,60710055002,"SAWPA",2006
1673096,9,60710055002,"SAWPA",2007
1673135,9,60710055002,"SAWPA",2008
1673165,9,60710055002,"SAWPA",2009
1673232,9,60710055002,"SAWPA",2010
1673197,9,60710055002,"SAWPA",2011
1673273,9,60710055002,"SAWPA",2012
1673164,9,60710055002,"SAWPA",2013
1673156,9,60710055002,"SAWPA",2014
1673255,9,60710055002,"SAWPA",2015
1673111,9,60710055002,"SAWPA",2016
1673271,9,60710055002,"SAWPA",2017
1673128,9,60710055002,"SAWPA",2018
1673266,9,60710055002,"SAWPA",2019
1673224,9,60710055002,"SAWPA",2020
247241,9,60710061002,"SAWPA",2021
246138,9,60710061002,"SAWPA",2022
246167,9,60710061002,"SAWPA",2023
246194,9,60710061002,"SAWPA",2024
246132,9,60710061002,"SAWPA",2025
246169,9,60710061002,"SAWPA",2026
244654,9,60710061002,"SAWPA",2027
245094,9,60710061002,"SAWPA",2028
245085,9,60710061002,"SAWPA",2029
246208,9,60710061002,"SAWPA",2030
245105,9,60710061002,"SAWPA",2031
246144,9,60710061002,"SAWPA",2032
247275,9,60710061002,"SAWPA",2033
245077,9,60710061002,"SAWPA",2034
246174,9,60710061002,"SAWPA",2035
246210,9,60710061002,"SAWPA",2036
246181,9,60710061002,"SAWPA",2037
245002,9,60710061002,"SAWPA",2038
247242,9,60710061002,"SAWPA",2039
247210,9,60710061002,"SAWPA",2040
4555076,130,60710071061,"SAWPA",2041
4159773,130,60710071061,"SAWPA",2042
4551726,130,60710071061,"SAWPA",2043
4156583,130,60710071061,"SAWPA",2044
3176648,130,60710071061,"SAWPA",2045
3176643,130,60710071061,"SAWPA",2046
4156520,130,60710071061,"SAWPA",2047
4555094,130,60710071061,"SAWPA",2048
4554035,130,60710071061,"SAWPA",2049
4156602,130,60710071061,"SAWPA",2050
3176772,130,60710071061,"SAWPA",2051
4551729,130,60710071061,"SAWPA",2052
4551651,130,60710071061,"SAWPA",2053
4156524,130,60710071061,"SAWPA",2054
4554011,130,60710071061,"SAWPA",2055
4156536,130,60710071061,"SAWPA",2056
3176874,130,60710071061,"SAWPA",2057
4551655,130,60710071061,"SAWPA",2058
4156540,130,60710071061,"SAWPA",2059
4156582,130,60710071061,"SAWPA",2060
4128328,390,60710073022,"SAWPA",2061
4128279,390,60710073022,"SAWPA",2062
4160090,390,60710073022,"SAWPA",2063
1751670,390,60710073022,"SAWPA",2064
1749878,,60710073022,"SAWPA",2065
4128340,390,60710073022,"SAWPA",2066
1749817,,60710073022,"SAWPA",2067
4128361,390,60710073022,"SAWPA",2068
4128319,390,60710073022,"SAWPA",2069
4128313,390,60710073022,"SAWPA",2070
4128384,390,60710073022,"SAWPA",2071
4147300,390,60710073022,"SAWPA",2072
4527585,390,60710073022,"SAWPA",2073
1785565,390,60710073022,"SAWPA",2074
1751659,390,60710073022,"SAWPA",2075
1751587,390,60710073022,"SAWPA",2076
1749791,,60710073022,"SAWPA",2077
4128358,390,60710073022,"SAWPA",2078
4558794,390,60710073022,"SAWPA",2079
4147336,,60710073022,"SAWPA",2080
4150388,377,60710073023,"SAWPA",2081
4269579,,60710073023,"SAWPA",2082
4150050,377,60710073023,"SAWPA",2083
4269582,377,60710073023,"SAWPA",2084
4151303,,60710073023,"SAWPA",2085
4265709,377,60710073023,"SAWPA",2086
4140061,,60710073023,"SAWPA",2087
4269559,377,60710073023,"SAWPA",2088
4269715,377,60710073023,"SAWPA",2089
4553788,,60710073023,"SAWPA",2090
4150396,,60710073023,"SAWPA",2091
4144942,,60710073023,"SAWPA",2092
4527640,,60710073023,"SAWPA",2093
4149982,377,60710073023,"SAWPA",2094
4527582,377,60710073023,"SAWPA",2095
4150061,377,60710073023,"SAWPA",2096
4527594,377,60710073023,"SAWPA",2097
4150326,377,60710073023,"SAWPA",2098
4265693,377,60710073023,"SAWPA",2099
4527649,377,60710073023,"SAWPA",2100
245575,71,60710074031,"SAWPA",2101
253917,71,60710074031,"SAWPA",2102
245310,71,60710074031,"SAWPA",2103
245557,71,60710074031,"SAWPA",2104
254020,71,60710074031,"SAWPA",2105
245172,71,60710074031,"SAWPA",2106
245258,71,60710074031,"SAWPA",2107
245232,71,60710074031,"SAWPA",2108
253926,71,60710074031,"SAWPA",2109
254046,71,60710074031,"SAWPA",2110
253986,71,60710074031,"SAWPA",2111
245138,71,60710074031,"SAWPA",2112
253916,71,60710074031,"SAWPA",2113
254026,71,60710074031,"SAWPA",2114
245137,71,60710074031,"SAWPA",2115
246927,71,60710074031,"SAWPA",2116
246971,71,60710074031,"SAWPA",2117
245282,71,60710074031,"SAWPA",2118
254051,71,60710074031,"SAWPA",2119
245198,71,60710074031,"SAWPA",2120
4218625,71,60710076012,"SAWPA",2121
4223918,71,60710076012,"SAWPA",2122
258695,71,60710076012,"SAWPA",2123
4218664,71,60710076012,"SAWPA",2124
4634793,71,60710076012,"SAWPA",2125
3175451,71,60710076012,"SAWPA",2126
3175567,71,60710076012,"SAWPA",2127
4223945,71,60710076012,"SAWPA",2128
4214073,71,60710076012,"SAWPA",2129
4634906,71,60710076012,"SAWPA",2130
4218580,71,60710076012,"SAWPA",2131
4634734,71,60710076012,"SAWPA",2132
4224020,71,60710076012,"SAWPA",2133
4214090,71,60710076012,"SAWPA",2134
4634853,71,60710076012,"SAWPA",2135
4224081,71,60710076012,"SAWPA",2136
4218473,71,60710076012,"SAWPA",2137
3175367,71,60710076012,"SAWPA",2138
3175730,71,60710076012,"SAWPA",2139
258661,71,60710076012,"SAWPA",2140
4634737,71,60710076013,"SAWPA",2141
4634683,71,60710076013,"SAWPA",2142
4214009,71,60710076013,"SAWPA",2143
4224051,71,60710076013,"SAWPA",2144
4214008,71,60710076013,"SAWPA",2145
4634892,71,60710076013,"SAWPA",2146
4218347,71,60710076013,"SAWPA",2147
4218449,71,60710076013,"SAWPA",2148
4634711,71,60710076013,"SAWPA",2149
4634893,71,60710076013,"SAWPA",2150
4218307,71,60710076013,"SAWPA",2151
4218302,71,60710076013,"SAWPA",2152
3175521,71,60710076013,"SAWPA",2153
4634713,71,60710076013,"SAWPA",2154
3175735,71,60710076013,"SAWPA",2155
4218301,71,60710076013,"SAWPA",2156
4634777,71,60710076013,"SAWPA",2157
4634736,71,60710076013,"SAWPA",2158
4218416,71,60710076013,"SAWPA",2159
4223895,71,60710076013,"SAWPA",2160
4162610,314,60710088001,"SAWPA",2161
4274780,314,60710088001,"SAWPA",2162
4274784,314,60710088001,"SAWPA",2163
4161640,314,60710088001,"SAWPA",2164
4162606,314,60710088001,"SAWPA",2165
4275270,314,60710088001,"SAWPA",2166
4162520,314,60710088001,"SAWPA",2167
4162675,314,60710088001,"SAWPA",2168
4274758,314,60710088001,"SAWPA",2169
4631269,314,60710088001,"SAWPA",2170
4273399,314,60710088001,"SAWPA",2171
4274749,314,60710088001,"SAWPA",2172
4274695,314,60710088001,"SAWPA",2173
4275254,314,60710088001,"SAWPA",2174
4162530,314,60710088001,"SAWPA",2175
4631278,314,60710088001,"SAWPA",2176
4631123,314,60710088001,"SAWPA",2177
4274675,314,60710088001,"SAWPA",2178
4273443,314,60710088001,"SAWPA",2179
4276194,314,60710088001,"SAWPA",2180
3129159,,60710112032,"SAWPA",2181
138176,,60710112032,"SAWPA",2182
133667,,60710112032,"SAWPA",2183
3138720,,60710112032,"SAWPA",2184
138834,,60710112032,"SAWPA",2185
3129083,,60710112032,"SAWPA",2186
3129237,,60710112032,"SAWPA",2187
3138747,,60710112032,"SAWPA",2188
3129248,,60710112032,"SAWPA",2189
3138807,,60710112032,"SAWPA",2190
138180,,60710112032,"SAWPA",2191
4021047,,60710112032,"SAWPA",2192
2322471,,60710112032,"SAWPA",2193
3129357,,60710112032,"SAWPA",2194
3129379,,60710112032,"SAWPA",2195
3138712,,60710112032,"SAWPA",2196
3138616,,60710112032,"SAWPA",2197
2322020,,60710112032,"SAWPA",2198
2322623,,60710112032,"SAWPA",2199
2321920,,60710112032,"SAWPA",2200
2312679,,60710112041,"SAWPA",2201
2313211,,60710112041,"SAWPA",2202
2313209,,60710112041,"SAWPA",2203
2313388,,60710112041,"SAWPA",2204
141684,,60710112041,"SAWPA",2205
2313661,,60710112041,"SAWPA",2206
2322052,,60710112041,"SAWPA",2207
2312609,,60710112041,"SAWPA",2208
2322145,,60710112041,"SAWPA",2209
2313466,,60710112041,"SAWPA",2210
2312639,,60710112041,"SAWPA",2211
2313684,,60710112041,"SAWPA",2212
2313451,,60710112041,"SAWPA",2213
2320522,,60710112041,"SAWPA",2214
2313121,,60710112041,"SAWPA",2215
2313463,,60710112041,"SAWPA",2216
2313105,,60710112041,"SAWPA",2217
2312574,,60710112041,"SAWPA",2218
2313411,,60710112041,"SAWPA",2219
2313142,,60710112041,"SAWPA",2220
123194,119,60710113001,"SAWPA",2221
137515,119,60710113001,"SAWPA",2222
124231,119,60710113001,"SAWPA",2223
123261,119,60710113001,"SAWPA",2224
119707,,60710113001,"SAWPA",2225
119330,,60710113001,"SAWPA",2226
119884,,60710113001,"SAWPA",2227
138234,,60710113001,"SAWPA",2228
138339,119,60710113001,"SAWPA",2229
124303,119,60710113001,"SAWPA",2230
124223,119,60710113001,"SAWPA",2231
123214,119,60710113001,"SAWPA",2232
138454,119,60710113001,"SAWPA",2233
123057,119,60710113001,"SAWPA",2234
138411,119,60710113001,"SAWPA",2235
123525,,60710113001,"SAWPA",2236
123230,119,60710113001,"SAWPA",2237
124444,119,60710113001,"SAWPA",2238
119873,119,60710113001,"SAWPA",2239
120010,,60710113001,"SAWPA",2240
4021620,25,60710114013,"SAWPA",2241
127252,25,60710114013,"SAWPA",2242
2322918,25,60710114013,"SAWPA",2243
4021732,25,60710114013,"SAWPA",2244
128413,25,60710114013,"SAWPA",2245
2323416,25,60710114013,"SAWPA",2246
127066,25,60710114013,"SAWPA",2247
2323435,25,60710114013,"SAWPA",2248
128307,25,60710114013,"SAWPA",2249
140752,25,60710114013,"SAWPA",2250
127175,25,60710114013,"SAWPA",2251
3116813,25,60710114013,"SAWPA",2252
140760,25,60710114013,"SAWPA",2253
127340,25,60710114013,"SAWPA",2254
2323409,25,60710114013,"SAWPA",2255
2339503,25,60710114013,"SAWPA",2256
2320388,25,60710114013,"SAWPA",2257
2323384,25,60710114013,"SAWPA",2258
3139458,25,60710114013,"SAWPA",2259
3134928,25,60710114013,"SAWPA",2260
3138500,25,60710114031,"SAWPA",2261
2322727,25,60710114031,"SAWPA",2262
3137780,25,60710114031,"SAWPA",2263
2339284,25,60710114031,"SAWPA",2264
143879,25,60710114031,"SAWPA",2265
2339299,25,60710114031,"SAWPA",2266
3138231,25,60710114031,"SAWPA",2267
2322869,25,60710114031,"SAWPA",2268
4015911,25,60710114031,"SAWPA",2269
2339097,25,60710114031,"SAWPA",2270
143777,25,60710114031,"SAWPA",2271
3139807,25,60710114031,"SAWPA",2272
136353,25,60710114031,"SAWPA",2273
2322829,25,60710114031,"SAWPA",2274
4021555,25,60710114031,"SAWPA",2275
3138173,25,60710114031,"SAWPA",2276
2322817,25,60710114031,"SAWPA",2277
2322718,25,60710114031,"SAWPA",2278
144205,25,60710114031,"SAWPA",2279
136346,25,60710114031,"SAWPA",2280
1551540,211,60710122001,"SAWPA",2281
1514619,211,60710122001,"SAWPA",2282
1514927,211,60710122001,"SAWPA",2283
1514942,211,60710122001,"SAWPA",2284
1514487,211,60710122001,"SAWPA",2285
1514654,211,60710122001,"SAWPA",2286
1514688,211,60710122001,"SAWPA",2287
1548214,211,60710122001,"SAWPA",2288
1514778,211,60710122001,"SAWPA",2289
1514499,211,60710122001,"SAWPA",2290
1514884,211,60710122001,"SAWPA",2291
1514415,211,60710122001,"SAWPA",2292
4168812,211,60710122001,"SAWPA",2293
1514864,211,60710122001,"SAWPA",2294
1514369,211,60710122001,"SAWPA",2295
1514636,211,60710122001,"SAWPA",2296
1551578,211,60710122001,"SAWPA",2297
1551908,211,60710122001,"SAWPA",2298
1514838,211,60710122001,"SAWPA",2299
4182315,211,60710122001,"SAWPA",2300
1760403,390,60710125003,"SAWPA",2301
1758676,390,60710125003,"SAWPA",2302
1758646,390,60710125003,"SAWPA",2303
1761292,390,60710125003,"SAWPA",2304
1761285,390,60710125003,"SAWPA",2305
1758718,390,60710125003,"SAWPA",2306
4146231,390,60710125003,"SAWPA",2307
1758635,390,60710125003,"SAWPA",2308
1758703,390,60710125003,"SAWPA",2309
1758616,390,60710125003,"SAWPA",2310
1758634,390,60710125003,"SAWPA",2311
1758674,390,60710125003,"SAWPA",2312
1760200,390,60710125003,"SAWPA",2313
1758736,390,60710125003,"SAWPA",2314
1760185,390,60710125003,"SAWPA",2315
1760026,390,60710125003,"SAWPA",2316
1760202,390,60710125003,"SAWPA",2317
1758723,390,60710125003,"SAWPA",2318
1761188,390,60710125003,"SAWPA",2319
1758724,390,60710125003,"SAWPA",2320
7616119,268,60730079101,"San Diego",2321
7629109,268,60730079101,"San Diego",2322
7624467,268,60730079101,"San Diego",2323
7616073,268,60730079101,"San Diego",2324
7629055,268,60730079101,"San Diego",2325
7616117,268,60730079101,"San Diego",2326
7624491,268,60730079101,"San Diego",2327
7624389,268,60730079101,"San Diego",2328
7616110,268,60730079101,"San Diego",2329
7624437,268,60730079101,"San Diego",2330
7629019,268,60730079101,"San Diego",2331
7616062,268,60730079101,"San Diego",2332
7616155,268,60730079101,"San Diego",2333
7616130,268,60730079101,"San Diego",2334
7624508,268,60730079101,"San Diego",2335
7624420,268,60730079101,"San Diego",2336
7624403,268,60730079101,"San Diego",2337
7615728,268,60730079101,"San Diego",2338
7616160,268,60730079101,"San Diego",2339
7615679,268,60730079101,"San Diego",2340
7645797,268,60730091061,"San Diego",2341
7644317,268,60730091061,"San Diego",2342
7549141,268,60730091061,"San Diego",2343
7633007,268,60730091061,"San Diego",2344
7631073,268,60730091061,"San Diego",2345
7551731,268,60730091061,"San Diego",2346
7645731,268,60730091061,"San Diego",2347
7551659,268,60730091061,"San Diego",2348
7631039,268,60730091061,"San Diego",2349
7549074,268,60730091061,"San Diego",2350
7543800,268,60730091061,"San Diego",2351
7645787,268,60730091061,"San Diego",2352
7549131,268,60730091061,"San Diego",2353
7543685,268,60730091061,"San Diego",2354
7642147,268,60730091061,"San Diego",2355
7551743,268,60730091061,"San Diego",2356
7633188,268,60730091061,"San Diego",2357
7543794,268,60730091061,"San Diego",2358
7633143,268,60730091061,"San Diego",2359
7551633,268,60730091061,"San Diego",2360
