"ap_id","utility_id","geoid","region_name"
11399388,384,60014001001,"Alameda County"
11397106,384,60014001001,"Alameda County"
11399841,384,60014001001,"Alameda County"
11400317,384,60014001001,"Alameda County"
11396566,384,60014001001,"Alameda County"
11397156,384,60014001001,"Alameda County"
11400369,384,60014001001,"Alameda County"
11400394,384,60014001001,"Alameda County"
11400281,384,60014001001,"Alameda County"
11396552,384,60014001001,"Alameda County"
11403528,384,60014001001,"Alameda County"
11400159,384,60014001001,"Alameda County"
11399499,384,60014001001,"Alameda County"
11396530,384,60014001001,"Alameda County"
11397085,384,60014001001,"Alameda County"
11400280,384,60014001001,"Alameda County"
11400105,384,60014001001,"Alameda County"
11404042,384,60014001001,"Alameda County"
11400012,384,60014001001,"Alameda County"
11396761,384,60014001001,"Alameda County"
11475154,384,60014035021,"Alameda County"
11475086,384,60014035021,"Alameda County"
11471645,384,60014035021,"Alameda County"
11475075,384,60014035021,"Alameda County"
11471612,384,60014035021,"Alameda County"
11471665,384,60014035021,"Alameda County"
11475080,384,60014035021,"Alameda County"
11471584,384,60014035021,"Alameda County"
11471573,384,60014035021,"Alameda County"
11475137,384,60014035021,"Alameda County"
11475165,384,60014035021,"Alameda County"
11471671,384,60014035021,"Alameda County"
11471672,384,60014035021,"Alameda County"
11471667,384,60014035021,"Alameda County"
11475131,384,60014035021,"Alameda County"
11475159,384,60014035021,"Alameda County"
11471616,384,60014035021,"Alameda County"
11471598,384,60014035021,"Alameda County"
11471690,384,60014035021,"Alameda County"
11478833,384,60014035021,"Alameda County"
11396960,384,60014044001,"Alameda County"
11398863,384,60014044001,"Alameda County"
11397980,384,60014044001,"Alameda County"
11457001,384,60014044001,"Alameda County"
11398795,384,60014044001,"Alameda County"
11398845,384,60014044001,"Alameda County"
11398619,384,60014044001,"Alameda County"
11399178,384,60014044001,"Alameda County"
11398072,384,60014044001,"Alameda County"
11397366,384,60014044001,"Alameda County"
11398830,384,60014044001,"Alameda County"
11398813,384,60014044001,"Alameda County"
11397446,384,60014044001,"Alameda County"
11398953,384,60014044001,"Alameda County"
11398910,384,60014044001,"Alameda County"
11398540,384,60014044001,"Alameda County"
11455627,384,60014044001,"Alameda County"
11398860,384,60014044001,"Alameda County"
11457010,384,60014044001,"Alameda County"
11398847,384,60014044001,"Alameda County"
11437555,384,60014045022,"Alameda County"
11455390,384,60014045022,"Alameda County"
11443003,384,60014045022,"Alameda County"
11442614,384,60014045022,"Alameda County"
11455304,384,60014045022,"Alameda County"
11442940,384,60014045022,"Alameda County"
11442971,384,60014045022,"Alameda County"
11437385,384,60014045022,"Alameda County"
11437383,384,60014045022,"Alameda County"
11387444,384,60014045022,"Alameda County"
11437297,384,60014045022,"Alameda County"
11437332,384,60014045022,"Alameda County"
11443049,384,60014045022,"Alameda County"
11455415,384,60014045022,"Alameda County"
11437320,384,60014045022,"Alameda County"
10183623,384,60014045022,"Alameda County"
11455404,384,60014045022,"Alameda County"
11387464,384,60014045022,"Alameda County"
11437379,384,60014045022,"Alameda County"
11455403,384,60014045022,"Alameda County"
11433512,384,60014045023,"Alameda County"
11443188,384,60014045023,"Alameda County"
11443277,384,60014045023,"Alameda County"
11438384,384,60014045023,"Alameda County"
11438575,384,60014045023,"Alameda County"
11455379,384,60014045023,"Alameda County"
11436268,384,60014045023,"Alameda County"
11436266,384,60014045023,"Alameda County"
11454532,384,60014045023,"Alameda County"
11443118,384,60014045023,"Alameda County"
11443111,384,60014045023,"Alameda County"
11443068,384,60014045023,"Alameda County"
11438455,384,60014045023,"Alameda County"
11433402,384,60014045023,"Alameda County"
11455396,384,60014045023,"Alameda County"
11437617,384,60014045023,"Alameda County"
11433451,384,60014045023,"Alameda County"
11433421,384,60014045023,"Alameda County"
11454601,384,60014045023,"Alameda County"
11443183,384,60014045023,"Alameda County"
11480436,384,60014052004,"Alameda County"
11490319,384,60014052004,"Alameda County"
11480355,384,60014052004,"Alameda County"
11481546,384,60014052004,"Alameda County"
11480215,384,60014052004,"Alameda County"
11490357,384,60014052004,"Alameda County"
11490350,384,60014052004,"Alameda County"
11480185,384,60014052004,"Alameda County"
11485079,384,60014052004,"Alameda County"
11481759,384,60014052004,"Alameda County"
11490312,384,60014052004,"Alameda County"
11490353,384,60014052004,"Alameda County"
11481663,384,60014052004,"Alameda County"
11480363,384,60014052004,"Alameda County"
11481758,384,60014052004,"Alameda County"
11481734,384,60014052004,"Alameda County"
11490316,384,60014052004,"Alameda County"
11480198,384,60014052004,"Alameda County"
11480212,384,60014052004,"Alameda County"
11490328,384,60014052004,"Alameda County"
11339319,384,60014066011,"Alameda County"
11339131,384,60014066011,"Alameda County"
11446517,384,60014066011,"Alameda County"
11339274,384,60014066011,"Alameda County"
11447191,384,60014066011,"Alameda County"
11339103,384,60014066011,"Alameda County"
11447134,384,60014066011,"Alameda County"
11451222,384,60014066011,"Alameda County"
11339110,384,60014066011,"Alameda County"
11334609,384,60014066011,"Alameda County"
11451252,384,60014066011,"Alameda County"
11339140,384,60014066011,"Alameda County"
11339091,384,60014066011,"Alameda County"
11451202,384,60014066011,"Alameda County"
11339148,384,60014066011,"Alameda County"
11446617,384,60014066011,"Alameda County"
11339092,384,60014066011,"Alameda County"
11451263,384,60014066011,"Alameda County"
11451261,384,60014066011,"Alameda County"
11447117,384,60014066011,"Alameda County"
11339222,384,60014066012,"Alameda County"
11446993,384,60014066012,"Alameda County"
11340581,384,60014066012,"Alameda County"
11339322,384,60014066012,"Alameda County"
11339279,384,60014066012,"Alameda County"
11339095,384,60014066012,"Alameda County"
11447088,384,60014066012,"Alameda County"
11339593,384,60014066012,"Alameda County"
11339143,384,60014066012,"Alameda County"
11339245,384,60014066012,"Alameda County"
11442092,384,60014066012,"Alameda County"
11446995,384,60014066012,"Alameda County"
11340655,384,60014066012,"Alameda County"
11447093,384,60014066012,"Alameda County"
11447091,384,60014066012,"Alameda County"
11340736,384,60014066012,"Alameda County"
11442085,384,60014066012,"Alameda County"
11339581,384,60014066012,"Alameda County"
11339193,384,60014066012,"Alameda County"
11442104,384,60014066012,"Alameda County"
11447475,384,60014070001,"Alameda County"
11441088,384,60014070001,"Alameda County"
11335965,384,60014070001,"Alameda County"
11446682,384,60014070001,"Alameda County"
11447403,384,60014070001,"Alameda County"
11340908,384,60014070001,"Alameda County"
11335934,384,60014070001,"Alameda County"
11335931,384,60014070001,"Alameda County"
11446692,384,60014070001,"Alameda County"
11335277,384,60014070001,"Alameda County"
11447534,384,60014070001,"Alameda County"
11441140,384,60014070001,"Alameda County"
11447494,384,60014070001,"Alameda County"
11335939,384,60014070001,"Alameda County"
11441123,384,60014070001,"Alameda County"
11441277,384,60014070001,"Alameda County"
11447421,384,60014070001,"Alameda County"
11441278,384,60014070001,"Alameda County"
11446728,384,60014070001,"Alameda County"
11335311,384,60014070001,"Alameda County"
11451670,384,60014077001,"Alameda County"
11442870,384,60014077001,"Alameda County"
11449035,384,60014077001,"Alameda County"
11454218,384,60014077001,"Alameda County"
11341524,384,60014077001,"Alameda County"
11451553,384,60014077001,"Alameda County"
11337839,384,60014077001,"Alameda County"
11451524,384,60014077001,"Alameda County"
11451658,384,60014077001,"Alameda County"
11341341,384,60014077001,"Alameda County"
11444285,384,60014077001,"Alameda County"
11341601,384,60014077001,"Alameda County"
11450939,384,60014077001,"Alameda County"
11442866,384,60014077001,"Alameda County"
11442889,384,60014077001,"Alameda County"
11451561,384,60014077001,"Alameda County"
11451655,384,60014077001,"Alameda County"
11341590,384,60014077001,"Alameda County"
11341399,384,60014077001,"Alameda County"
11442816,384,60014077001,"Alameda County"
11308513,384,60014087005,"Alameda County"
11308407,384,60014087005,"Alameda County"
11308531,384,60014087005,"Alameda County"
11308778,384,60014087005,"Alameda County"
11308568,384,60014087005,"Alameda County"
11493376,384,60014087005,"Alameda County"
11493262,384,60014087005,"Alameda County"
11311070,384,60014087005,"Alameda County"
11493257,384,60014087005,"Alameda County"
11308493,384,60014087005,"Alameda County"
11493382,384,60014087005,"Alameda County"
11311097,384,60014087005,"Alameda County"
11308601,384,60014087005,"Alameda County"
11308391,384,60014087005,"Alameda County"
11496450,384,60014087005,"Alameda County"
11453402,384,60014087005,"Alameda County"
11441309,384,60014087005,"Alameda County"
11308423,384,60014087005,"Alameda County"
11493254,384,60014087005,"Alameda County"
11453394,384,60014087005,"Alameda County"
11310362,384,60014097003,"Alameda County"
11257408,384,60014097003,"Alameda County"
11310513,384,60014097003,"Alameda County"
11495737,384,60014097003,"Alameda County"
11310529,384,60014097003,"Alameda County"
11495963,384,60014097003,"Alameda County"
11311830,384,60014097003,"Alameda County"
11310554,384,60014097003,"Alameda County"
11496018,384,60014097003,"Alameda County"
11495989,384,60014097003,"Alameda County"
11495970,384,60014097003,"Alameda County"
11494283,384,60014097003,"Alameda County"
11310423,384,60014097003,"Alameda County"
11311691,384,60014097003,"Alameda County"
11311722,384,60014097003,"Alameda County"
11496065,384,60014097003,"Alameda County"
11310491,384,60014097003,"Alameda County"
11495986,384,60014097003,"Alameda County"
11311709,384,60014097003,"Alameda County"
11495946,384,60014097003,"Alameda County"
11431853,384,60014101002,"Alameda County"
11256897,384,60014101002,"Alameda County"
11256946,384,60014101002,"Alameda County"
11431698,384,60014101002,"Alameda County"
10710621,384,60014101002,"Alameda County"
11256978,384,60014101002,"Alameda County"
11257042,384,60014101002,"Alameda County"
11256929,384,60014101002,"Alameda County"
11257079,384,60014101002,"Alameda County"
11429464,384,60014101002,"Alameda County"
11257103,384,60014101002,"Alameda County"
10702994,384,60014101002,"Alameda County"
10710562,384,60014101002,"Alameda County"
11429254,384,60014101002,"Alameda County"
11256803,384,60014101002,"Alameda County"
11257145,384,60014101002,"Alameda County"
11256913,384,60014101002,"Alameda County"
11256912,384,60014101002,"Alameda County"
10710507,384,60014101002,"Alameda County"
11257105,384,60014101002,"Alameda County"
11256729,384,60014102002,"Alameda County"
11256614,384,60014102002,"Alameda County"
11256931,384,60014102002,"Alameda County"
11431783,384,60014102002,"Alameda County"
11256916,384,60014102002,"Alameda County"
11256653,384,60014102002,"Alameda County"
11256682,384,60014102002,"Alameda County"
11256740,384,60014102002,"Alameda County"
11256834,384,60014102002,"Alameda County"
11256773,384,60014102002,"Alameda County"
10708805,384,60014102002,"Alameda County"
11256684,384,60014102002,"Alameda County"
11256797,384,60014102002,"Alameda County"
11256652,384,60014102002,"Alameda County"
11256670,384,60014102002,"Alameda County"
11256733,384,60014102002,"Alameda County"
11256638,384,60014102002,"Alameda County"
11256560,384,60014102002,"Alameda County"
11256624,384,60014102002,"Alameda County"
11256810,384,60014102002,"Alameda County"
11316970,384,60014283023,"Alameda County"
11317194,384,60014283023,"Alameda County"
11317175,384,60014283023,"Alameda County"
11301039,384,60014283023,"Alameda County"
11318779,384,60014283023,"Alameda County"
11318930,384,60014283023,"Alameda County"
11317214,384,60014283023,"Alameda County"
11317242,384,60014283023,"Alameda County"
11318883,384,60014283023,"Alameda County"
11317256,384,60014283023,"Alameda County"
11317260,384,60014283023,"Alameda County"
11317303,384,60014283023,"Alameda County"
11318885,384,60014283023,"Alameda County"
11317265,384,60014283023,"Alameda County"
11316895,384,60014283023,"Alameda County"
11316977,384,60014283023,"Alameda County"
11316842,384,60014283023,"Alameda County"
11317248,384,60014283023,"Alameda County"
11320354,384,60014283023,"Alameda County"
11318296,384,60014283023,"Alameda County"
11330396,384,60014287001,"Alameda County"
11458203,384,60014287001,"Alameda County"
11329878,384,60014287001,"Alameda County"
11330450,384,60014287001,"Alameda County"
11330462,384,60014287001,"Alameda County"
11329911,384,60014287001,"Alameda County"
11326621,384,60014287001,"Alameda County"
11329885,384,60014287001,"Alameda County"
11330528,384,60014287001,"Alameda County"
11325688,384,60014287001,"Alameda County"
11325604,384,60014287001,"Alameda County"
11330604,384,60014287001,"Alameda County"
11330554,384,60014287001,"Alameda County"
11330599,384,60014287001,"Alameda County"
11326626,384,60014287001,"Alameda County"
11326660,384,60014287001,"Alameda County"
11457874,384,60014287001,"Alameda County"
11325647,384,60014287001,"Alameda County"
11330457,384,60014287001,"Alameda County"
11330593,384,60014287001,"Alameda County"
11433163,384,60014307003,"Alameda County"
10046869,384,60014307003,"Alameda County"
10054168,384,60014307003,"Alameda County"
11514853,384,60014307003,"Alameda County"
10054163,384,60014307003,"Alameda County"
11514864,384,60014307003,"Alameda County"
11428079,384,60014307003,"Alameda County"
10046859,384,60014307003,"Alameda County"
11433023,384,60014307003,"Alameda County"
10046875,384,60014307003,"Alameda County"
11433174,384,60014307003,"Alameda County"
9896395,384,60014307003,"Alameda County"
10046847,384,60014307003,"Alameda County"
11503675,384,60014307003,"Alameda County"
10050750,384,60014307003,"Alameda County"
10054260,384,60014307003,"Alameda County"
10054155,384,60014307003,"Alameda County"
11503764,384,60014307003,"Alameda County"
10054306,384,60014307003,"Alameda County"
11433006,384,60014307003,"Alameda County"
10710505,384,60014321001,"Alameda County"
10706630,384,60014321001,"Alameda County"
11412964,384,60014321001,"Alameda County"
11413111,384,60014321001,"Alameda County"
10708659,384,60014321001,"Alameda County"
11413014,384,60014321001,"Alameda County"
10706713,384,60014321001,"Alameda County"
10711171,384,60014321001,"Alameda County"
10706643,384,60014321001,"Alameda County"
11413363,384,60014321001,"Alameda County"
10706836,384,60014321001,"Alameda County"
11431938,384,60014321001,"Alameda County"
10706831,384,60014321001,"Alameda County"
10706754,384,60014321001,"Alameda County"
10708754,384,60014321001,"Alameda County"
11413009,384,60014321001,"Alameda County"
10708692,384,60014321001,"Alameda County"
10710483,384,60014321001,"Alameda County"
10708732,384,60014321001,"Alameda County"
11412971,384,60014321001,"Alameda County"
11316159,384,60014324001,"Alameda County"
10705067,384,60014324001,"Alameda County"
11300470,384,60014324001,"Alameda County"
10056086,384,60014324001,"Alameda County"
10707016,384,60014324001,"Alameda County"
11316175,384,60014324001,"Alameda County"
10707030,384,60014324001,"Alameda County"
10705649,384,60014324001,"Alameda County"
11316140,384,60014324001,"Alameda County"
11317910,384,60014324001,"Alameda County"
10706982,384,60014324001,"Alameda County"
10709892,384,60014324001,"Alameda County"
10709849,384,60014324001,"Alameda County"
10709876,384,60014324001,"Alameda County"
11316308,384,60014324001,"Alameda County"
10709868,384,60014324001,"Alameda County"
11306549,384,60014324001,"Alameda County"
11300307,384,60014324001,"Alameda County"
11320777,384,60014324001,"Alameda County"
10046106,384,60014324001,"Alameda County"
10046327,384,60014337002,"Alameda County"
10050037,384,60014337002,"Alameda County"
11519837,384,60014337002,"Alameda County"
11500779,384,60014337002,"Alameda County"
11502401,384,60014337002,"Alameda County"
11502457,384,60014337002,"Alameda County"
11510834,384,60014337002,"Alameda County"
10046323,384,60014337002,"Alameda County"
11510810,384,60014337002,"Alameda County"
11519794,384,60014337002,"Alameda County"
11513077,384,60014337002,"Alameda County"
10050030,384,60014337002,"Alameda County"
10048301,384,60014337002,"Alameda County"
11511589,384,60014337002,"Alameda County"
11500782,384,60014337002,"Alameda County"
11502287,384,60014337002,"Alameda County"
11510895,384,60014337002,"Alameda County"
11519815,384,60014337002,"Alameda County"
10050048,384,60014337002,"Alameda County"
11510932,384,60014337002,"Alameda County"
10049674,384,60014338003,"Alameda County"
11508880,384,60014338003,"Alameda County"
10051145,384,60014338003,"Alameda County"
11424590,384,60014338003,"Alameda County"
10049722,384,60014338003,"Alameda County"
10049618,384,60014338003,"Alameda County"
10049664,384,60014338003,"Alameda County"
11421351,384,60014338003,"Alameda County"
10051123,384,60014338003,"Alameda County"
10049690,384,60014338003,"Alameda County"
10051218,384,60014338003,"Alameda County"
11421384,384,60014338003,"Alameda County"
11508851,384,60014338003,"Alameda County"
11424554,384,60014338003,"Alameda County"
11508867,384,60014338003,"Alameda County"
11508853,384,60014338003,"Alameda County"
11421386,384,60014338003,"Alameda County"
10051231,384,60014338003,"Alameda County"
11422177,384,60014338003,"Alameda County"
11508878,384,60014338003,"Alameda County"
10038757,384,60014361003,"Alameda County"
11509466,384,60014361003,"Alameda County"
11508370,384,60014361003,"Alameda County"
10040959,384,60014361003,"Alameda County"
10038671,384,60014361003,"Alameda County"
10038727,384,60014361003,"Alameda County"
10044978,384,60014361003,"Alameda County"
11509484,384,60014361003,"Alameda County"
11508208,384,60014361003,"Alameda County"
11509925,384,60014361003,"Alameda County"
10044957,384,60014361003,"Alameda County"
11508065,384,60014361003,"Alameda County"
11508094,384,60014361003,"Alameda County"
11505455,384,60014361003,"Alameda County"
11508069,384,60014361003,"Alameda County"
11505465,384,60014361003,"Alameda County"
11509852,384,60014361003,"Alameda County"
11505352,384,60014361003,"Alameda County"
10044895,384,60014361003,"Alameda County"
10040970,384,60014361003,"Alameda County"
9900305,357,60014377013,"Alameda County"
9900236,357,60014377013,"Alameda County"
9900121,357,60014377013,"Alameda County"
9900222,357,60014377013,"Alameda County"
9900223,357,60014377013,"Alameda County"
9900298,357,60014377013,"Alameda County"
9900115,357,60014377013,"Alameda County"
9900345,357,60014377013,"Alameda County"
10035154,357,60014377013,"Alameda County"
10035146,357,60014377013,"Alameda County"
9900332,357,60014377013,"Alameda County"
9900187,357,60014377013,"Alameda County"
9900193,357,60014377013,"Alameda County"
9900184,357,60014377013,"Alameda County"
9900354,357,60014377013,"Alameda County"
9557114,357,60014377013,"Alameda County"
9900166,357,60014377013,"Alameda County"
9900369,357,60014377013,"Alameda County"
9900299,357,60014377013,"Alameda County"
11499809,357,60014377013,"Alameda County"
9553715,357,60014379002,"Alameda County"
9557731,357,60014379002,"Alameda County"
9552686,357,60014379002,"Alameda County"
9557792,357,60014379002,"Alameda County"
9557796,357,60014379002,"Alameda County"
9557822,357,60014379002,"Alameda County"
9557761,357,60014379002,"Alameda County"
9557777,357,60014379002,"Alameda County"
9557958,357,60014379002,"Alameda County"
9557596,357,60014379002,"Alameda County"
9609464,357,60014379002,"Alameda County"
9557764,357,60014379002,"Alameda County"
9557729,357,60014379002,"Alameda County"
9557745,357,60014379002,"Alameda County"
9557961,357,60014379002,"Alameda County"
9664138,357,60014379002,"Alameda County"
9557858,357,60014379002,"Alameda County"
9557813,357,60014379002,"Alameda County"
9557881,357,60014379002,"Alameda County"
9557871,357,60014379002,"Alameda County"
10037741,357,60014383002,"Alameda County"
11513164,357,60014383002,"Alameda County"
11513106,357,60014383002,"Alameda County"
10035949,357,60014383002,"Alameda County"
10037827,357,60014383002,"Alameda County"
10038052,357,60014383002,"Alameda County"
10035972,357,60014383002,"Alameda County"
10035970,357,60014383002,"Alameda County"
10038035,357,60014383002,"Alameda County"
11500953,357,60014383002,"Alameda County"
10035752,357,60014383002,"Alameda County"
10035070,357,60014383002,"Alameda County"
10038026,357,60014383002,"Alameda County"
11513217,357,60014383002,"Alameda County"
10037760,357,60014383002,"Alameda County"
11500814,357,60014383002,"Alameda County"
10037736,357,60014383002,"Alameda County"
10037763,357,60014383002,"Alameda County"
10034971,357,60014383002,"Alameda County"
10037811,357,60014383002,"Alameda County"
11497584,15,60014403041,"Alameda County"
9899193,15,60014403041,"Alameda County"
11499393,15,60014403041,"Alameda County"
9899276,15,60014403041,"Alameda County"
11499441,15,60014403041,"Alameda County"
11499482,15,60014403041,"Alameda County"
9899105,15,60014403041,"Alameda County"
9665673,15,60014403041,"Alameda County"
11499460,15,60014403041,"Alameda County"
11497651,15,60014403041,"Alameda County"
9899137,15,60014403041,"Alameda County"
9899139,15,60014403041,"Alameda County"
9899264,15,60014403041,"Alameda County"
11506343,15,60014403041,"Alameda County"
11499442,15,60014403041,"Alameda County"
11497679,15,60014403041,"Alameda County"
9899237,15,60014403041,"Alameda County"
11499396,15,60014403041,"Alameda County"
9899199,15,60014403041,"Alameda County"
9648031,15,60014403041,"Alameda County"
9643825,15,60014403083,"Alameda County"
9643783,15,60014403083,"Alameda County"
9661029,15,60014403083,"Alameda County"
9632090,15,60014403083,"Alameda County"
9642608,15,60014403083,"Alameda County"
9660497,15,60014403083,"Alameda County"
9605471,15,60014403083,"Alameda County"
9643833,15,60014403083,"Alameda County"
9660968,15,60014403083,"Alameda County"
9643851,15,60014403083,"Alameda County"
9632185,15,60014403083,"Alameda County"
9600013,15,60014403083,"Alameda County"
9661152,15,60014403083,"Alameda County"
9660508,15,60014403083,"Alameda County"
9631828,15,60014403083,"Alameda County"
9643788,15,60014403083,"Alameda County"
9643994,15,60014403083,"Alameda County"
9631743,15,60014403083,"Alameda County"
9658027,15,60014403083,"Alameda County"
9661125,15,60014403083,"Alameda County"
9635418,15,60014413012,"Alameda County"
9635604,15,60014413012,"Alameda County"
9635569,15,60014413012,"Alameda County"
9635427,15,60014413012,"Alameda County"
9615701,15,60014413012,"Alameda County"
9635395,15,60014413012,"Alameda County"
9635476,15,60014413012,"Alameda County"
9635512,15,60014413012,"Alameda County"
9635568,15,60014413012,"Alameda County"
9635590,15,60014413012,"Alameda County"
9615697,15,60014413012,"Alameda County"
9615637,15,60014413012,"Alameda County"
9604945,15,60014413012,"Alameda County"
9635567,15,60014413012,"Alameda County"
9635594,15,60014413012,"Alameda County"
9635511,15,60014413012,"Alameda County"
9635525,15,60014413012,"Alameda County"
9635398,15,60014413012,"Alameda County"
9635483,15,60014413012,"Alameda County"
9615554,15,60014413012,"Alameda County"
9656827,15,60014414011,"Alameda County"
9643306,15,60014414011,"Alameda County"
9640940,15,60014414011,"Alameda County"
9656747,15,60014414011,"Alameda County"
9644622,15,60014414011,"Alameda County"
9650178,15,60014414011,"Alameda County"
9656770,15,60014414011,"Alameda County"
9656709,15,60014414011,"Alameda County"
9644697,15,60014414011,"Alameda County"
9644719,15,60014414011,"Alameda County"
9644605,15,60014414011,"Alameda County"
9643290,15,60014414011,"Alameda County"
9644656,15,60014414011,"Alameda County"
9656725,15,60014414011,"Alameda County"
9644630,15,60014414011,"Alameda County"
9644682,15,60014414011,"Alameda County"
9656732,15,60014414011,"Alameda County"
9644686,15,60014414011,"Alameda County"
9644611,15,60014414011,"Alameda County"
9643300,15,60014414011,"Alameda County"
9653319,15,60014414012,"Alameda County"
9656084,15,60014414012,"Alameda County"
9653291,15,60014414012,"Alameda County"
9642019,15,60014414012,"Alameda County"
9643349,15,60014414012,"Alameda County"
9656024,15,60014414012,"Alameda County"
9643325,15,60014414012,"Alameda County"
9641661,15,60014414012,"Alameda County"
9661758,15,60014414012,"Alameda County"
9644480,15,60014414012,"Alameda County"
9658538,15,60014414012,"Alameda County"
9642029,15,60014414012,"Alameda County"
9613415,15,60014414012,"Alameda County"
9656080,15,60014414012,"Alameda County"
9643359,15,60014414012,"Alameda County"
9644595,15,60014414012,"Alameda County"
9644563,15,60014414012,"Alameda County"
9643375,15,60014414012,"Alameda County"
9641676,15,60014414012,"Alameda County"
9653333,15,60014414012,"Alameda County"
9608959,15,60014418001,"Alameda County"
9608925,15,60014418001,"Alameda County"
9598362,15,60014418001,"Alameda County"
9603126,15,60014418001,"Alameda County"
9603106,15,60014418001,"Alameda County"
9597890,15,60014418001,"Alameda County"
9604737,15,60014418001,"Alameda County"
9608894,15,60014418001,"Alameda County"
9610062,15,60014418001,"Alameda County"
9610051,15,60014418001,"Alameda County"
9610405,15,60014418001,"Alameda County"
9598505,15,60014418001,"Alameda County"
9608920,15,60014418001,"Alameda County"
9610416,15,60014418001,"Alameda County"
9598441,15,60014418001,"Alameda County"
9598425,15,60014418001,"Alameda County"
9598469,15,60014418001,"Alameda County"
9597779,15,60014418001,"Alameda County"
9603156,15,60014418001,"Alameda County"
9597761,15,60014418001,"Alameda County"
10375868,15,60014433222,"Alameda County"
9450621,15,60014433222,"Alameda County"
7499985,15,60014433222,"Alameda County"
10375900,15,60014433222,"Alameda County"
7499981,15,60014433222,"Alameda County"
9451410,15,60014433222,"Alameda County"
9451416,15,60014433222,"Alameda County"
10375561,15,60014433222,"Alameda County"
10375891,15,60014433222,"Alameda County"
10375498,15,60014433222,"Alameda County"
7500023,15,60014433222,"Alameda County"
10375512,15,60014433222,"Alameda County"
10375942,15,60014433222,"Alameda County"
10375494,15,60014433222,"Alameda County"
10375950,15,60014433222,"Alameda County"
7200307,15,60014433222,"Alameda County"
7491943,15,60014433222,"Alameda County"
10375526,15,60014433222,"Alameda County"
10376007,15,60014433222,"Alameda County"
7200415,15,60014433222,"Alameda County"
9606569,15,60014446011,"Alameda County"
9601383,15,60014446011,"Alameda County"
9614302,15,60014446011,"Alameda County"
9601032,15,60014446011,"Alameda County"
9606559,15,60014446011,"Alameda County"
9598637,15,60014446011,"Alameda County"
9596623,15,60014446011,"Alameda County"
9614433,15,60014446011,"Alameda County"
9614359,15,60014446011,"Alameda County"
9600660,15,60014446011,"Alameda County"
9605516,15,60014446011,"Alameda County"
9598644,15,60014446011,"Alameda County"
9598595,15,60014446011,"Alameda County"
9614222,15,60014446011,"Alameda County"
9614399,15,60014446011,"Alameda County"
9596579,15,60014446011,"Alameda County"
9605537,15,60014446011,"Alameda County"
9600695,15,60014446011,"Alameda County"
9606471,15,60014446011,"Alameda County"
9605521,15,60014446011,"Alameda County"
7196091,403,60014506025,"Alameda County"
7179443,403,60014506025,"Alameda County"
7191153,403,60014506025,"Alameda County"
7174863,403,60014506025,"Alameda County"
7174856,403,60014506025,"Alameda County"
7179363,403,60014506025,"Alameda County"
7191094,403,60014506025,"Alameda County"
7178960,403,60014506025,"Alameda County"
7183286,403,60014506025,"Alameda County"
7174835,403,60014506025,"Alameda County"
7196069,403,60014506025,"Alameda County"
7191006,403,60014506025,"Alameda County"
7191080,403,60014506025,"Alameda County"
7178806,403,60014506025,"Alameda County"
7174890,403,60014506025,"Alameda County"
7190958,403,60014506025,"Alameda County"
7195005,403,60014506025,"Alameda County"
7191090,403,60014506025,"Alameda County"
7190999,403,60014506025,"Alameda County"
7180741,403,60014506025,"Alameda County"
7181157,403,60014506061,"Alameda County"
3842802,403,60014506061,"Alameda County"
3842451,403,60014506061,"Alameda County"
7182242,403,60014506061,"Alameda County"
7193582,403,60014506061,"Alameda County"
7182172,403,60014506061,"Alameda County"
7193588,403,60014506061,"Alameda County"
7193556,403,60014506061,"Alameda County"
7515709,403,60014506061,"Alameda County"
3842949,403,60014506061,"Alameda County"
7193634,403,60014506061,"Alameda County"
7193554,403,60014506061,"Alameda County"
3842431,403,60014506061,"Alameda County"
3842500,403,60014506061,"Alameda County"
7193571,403,60014506061,"Alameda County"
7181048,403,60014506061,"Alameda County"
7513684,403,60014506061,"Alameda County"
7193595,403,60014506061,"Alameda County"
3842267,403,60014506061,"Alameda County"
7182194,403,60014506061,"Alameda County"
7180550,403,60014506062,"Alameda County"
7180575,403,60014506062,"Alameda County"
7180855,403,60014506062,"Alameda County"
7181170,403,60014506062,"Alameda County"
7181171,403,60014506062,"Alameda County"
7196982,403,60014506062,"Alameda County"
7181105,403,60014506062,"Alameda County"
7181073,403,60014506062,"Alameda County"
7196947,403,60014506062,"Alameda County"
7181108,403,60014506062,"Alameda County"
7181128,403,60014506062,"Alameda County"
7181024,403,60014506062,"Alameda County"
7180874,403,60014506062,"Alameda County"
7181122,403,60014506062,"Alameda County"
7196962,403,60014506062,"Alameda County"
7180913,403,60014506062,"Alameda County"
7181014,403,60014506062,"Alameda County"
7181013,403,60014506062,"Alameda County"
7180756,403,60014506062,"Alameda County"
7180854,403,60014506062,"Alameda County"
9445226,218,60014507511,"Alameda County"
9443960,218,60014507511,"Alameda County"
9443376,218,60014507511,"Alameda County"
7163979,218,60014507511,"Alameda County"
9444506,218,60014507511,"Alameda County"
9445415,218,60014507511,"Alameda County"
9443958,218,60014507511,"Alameda County"
9719430,218,60014507511,"Alameda County"
7155939,218,60014507511,"Alameda County"
9443447,218,60014507511,"Alameda County"
9443936,218,60014507511,"Alameda County"
9719331,218,60014507511,"Alameda County"
9719133,218,60014507511,"Alameda County"
7163783,218,60014507511,"Alameda County"
9719493,218,60014507511,"Alameda County"
9719417,218,60014507511,"Alameda County"
9443985,218,60014507511,"Alameda County"
9444025,218,60014507511,"Alameda County"
9719507,218,60014507511,"Alameda County"
9445376,218,60014507511,"Alameda County"
7157255,267,60014512013,"Alameda County"
7158752,267,60014512013,"Alameda County"
7501470,267,60014512013,"Alameda County"
7501472,267,60014512013,"Alameda County"
7157306,267,60014512013,"Alameda County"
7501581,,60014512013,"Alameda County"
7158755,267,60014512013,"Alameda County"
9720944,267,60014512013,"Alameda County"
7157296,267,60014512013,"Alameda County"
7501454,267,60014512013,"Alameda County"
9720964,267,60014512013,"Alameda County"
7505380,267,60014512013,"Alameda County"
7157287,267,60014512013,"Alameda County"
7157205,267,60014512013,"Alameda County"
7157300,267,60014512013,"Alameda County"
7501466,267,60014512013,"Alameda County"
7501572,267,60014512013,"Alameda County"
7505379,267,60014512013,"Alameda County"
9720963,267,60014512013,"Alameda County"
9720948,267,60014512013,"Alameda County"
7153093,267,60014512023,"Alameda County"
7155151,267,60014512023,"Alameda County"
7155104,267,60014512023,"Alameda County"
7155099,267,60014512023,"Alameda County"
7155036,267,60014512023,"Alameda County"
7155175,267,60014512023,"Alameda County"
7155171,267,60014512023,"Alameda County"
7155095,267,60014512023,"Alameda County"
7155133,267,60014512023,"Alameda County"
7154999,267,60014512023,"Alameda County"
7155708,267,60014512023,"Alameda County"
7154967,267,60014512023,"Alameda County"
7155044,267,60014512023,"Alameda County"
7154916,267,60014512023,"Alameda County"
7155078,267,60014512023,"Alameda County"
7154799,267,60014512023,"Alameda County"
7155127,267,60014512023,"Alameda County"
7155185,267,60014512023,"Alameda County"
7154931,267,60014512023,"Alameda County"
7154989,267,60014512023,"Alameda County"
4964357,362,60590017082,"SAWPA"
4964394,362,60590017082,"SAWPA"
5020259,362,60590017082,"SAWPA"
4966568,362,60590017082,"SAWPA"
4964406,362,60590017082,"SAWPA"
4961103,362,60590017082,"SAWPA"
5020306,362,60590017082,"SAWPA"
4964358,362,60590017082,"SAWPA"
4964387,362,60590017082,"SAWPA"
4964444,362,60590017082,"SAWPA"
4964395,362,60590017082,"SAWPA"
4964342,362,60590017082,"SAWPA"
5020209,362,60590017082,"SAWPA"
4964382,362,60590017082,"SAWPA"
4964370,362,60590017082,"SAWPA"
4964335,362,60590017082,"SAWPA"
5020374,362,60590017082,"SAWPA"
5020366,362,60590017082,"SAWPA"
4966618,362,60590017082,"SAWPA"
4964388,362,60590017082,"SAWPA"
5520802,164,60590116022,"SAWPA"
5520935,164,60590116022,"SAWPA"
5520927,58,60590116022,"SAWPA"
5525413,58,60590116022,"SAWPA"
5520877,58,60590116022,"SAWPA"
5525253,164,60590116022,"SAWPA"
5520936,164,60590116022,"SAWPA"
5520027,164,60590116022,"SAWPA"
5525222,58,60590116022,"SAWPA"
5525232,58,60590116022,"SAWPA"
5525420,58,60590116022,"SAWPA"
5520022,164,60590116022,"SAWPA"
5520020,164,60590116022,"SAWPA"
5525414,58,60590116022,"SAWPA"
5525292,58,60590116022,"SAWPA"
5525335,58,60590116022,"SAWPA"
5525355,58,60590116022,"SAWPA"
5520917,58,60590116022,"SAWPA"
5525428,58,60590116022,"SAWPA"
5525240,164,60590116022,"SAWPA"
5002606,23,60590117162,"SAWPA"
5005713,23,60590117162,"SAWPA"
5007708,23,60590117162,"SAWPA"
5007461,23,60590117162,"SAWPA"
5002331,23,60590117162,"SAWPA"
5007452,23,60590117162,"SAWPA"
5002453,23,60590117162,"SAWPA"
5007786,23,60590117162,"SAWPA"
5007701,23,60590117162,"SAWPA"
5007427,23,60590117162,"SAWPA"
5002578,23,60590117162,"SAWPA"
5007675,23,60590117162,"SAWPA"
5007386,23,60590117162,"SAWPA"
5007810,23,60590117162,"SAWPA"
5007459,23,60590117162,"SAWPA"
5002550,23,60590117162,"SAWPA"
5007593,23,60590117162,"SAWPA"
5005743,23,60590117162,"SAWPA"
5007499,23,60590117162,"SAWPA"
5007724,23,60590117162,"SAWPA"
6015611,225,60590524083,"SAWPA"
6005135,225,60590524083,"SAWPA"
6005109,225,60590524083,"SAWPA"
6009676,225,60590524083,"SAWPA"
6007062,225,60590524083,"SAWPA"
6009345,225,60590524083,"SAWPA"
6005129,225,60590524083,"SAWPA"
6007088,225,60590524083,"SAWPA"
6015605,225,60590524083,"SAWPA"
6025561,225,60590524083,"SAWPA"
6006580,225,60590524083,"SAWPA"
6010090,225,60590524083,"SAWPA"
6009284,225,60590524083,"SAWPA"
6009866,225,60590524083,"SAWPA"
6009860,225,60590524083,"SAWPA"
6007041,225,60590524083,"SAWPA"
6009872,225,60590524083,"SAWPA"
6009275,225,60590524083,"SAWPA"
6009294,225,60590524083,"SAWPA"
6010179,225,60590524083,"SAWPA"
6022956,225,60590524182,"SAWPA"
6025024,225,60590524182,"SAWPA"
6025035,225,60590524182,"SAWPA"
6025095,225,60590524182,"SAWPA"
6025087,225,60590524182,"SAWPA"
6024422,225,60590524182,"SAWPA"
6025036,225,60590524182,"SAWPA"
6026490,225,60590524182,"SAWPA"
6026557,225,60590524182,"SAWPA"
5993293,225,60590524182,"SAWPA"
6026530,225,60590524182,"SAWPA"
5993306,225,60590524182,"SAWPA"
6026477,225,60590524182,"SAWPA"
6025102,225,60590524182,"SAWPA"
5998639,225,60590524182,"SAWPA"
6025017,225,60590524182,"SAWPA"
5993269,225,60590524182,"SAWPA"
5993312,225,60590524182,"SAWPA"
5993307,225,60590524182,"SAWPA"
5995146,225,60590524182,"SAWPA"
6024851,225,60590626213,"SAWPA"
6010412,225,60590626213,"SAWPA"
6009968,225,60590626213,"SAWPA"
6024586,225,60590626213,"SAWPA"
6012649,308,60590626213,"SAWPA"
6021910,225,60590626213,"SAWPA"
6019370,225,60590626213,"SAWPA"
6024601,225,60590626213,"SAWPA"
6019380,225,60590626213,"SAWPA"
6026223,225,60590626213,"SAWPA"
6010662,308,60590626213,"SAWPA"
6024634,225,60590626213,"SAWPA"
6026276,225,60590626213,"SAWPA"
6011892,308,60590626213,"SAWPA"
6010556,225,60590626213,"SAWPA"
6019371,225,60590626213,"SAWPA"
6011809,308,60590626213,"SAWPA"
6026236,225,60590626213,"SAWPA"
6011997,225,60590626213,"SAWPA"
6019350,225,60590626213,"SAWPA"
6043567,365,60590629002,"SAWPA"
6043435,365,60590629002,"SAWPA"
6053822,365,60590629002,"SAWPA"
6043442,365,60590629002,"SAWPA"
6043532,365,60590629002,"SAWPA"
6043498,365,60590629002,"SAWPA"
6053897,365,60590629002,"SAWPA"
6043587,365,60590629002,"SAWPA"
6032512,365,60590629002,"SAWPA"
6032541,365,60590629002,"SAWPA"
6055110,365,60590629002,"SAWPA"
6043479,365,60590629002,"SAWPA"
6043545,365,60590629002,"SAWPA"
6043388,365,60590629002,"SAWPA"
6032549,365,60590629002,"SAWPA"
6043619,365,60590629002,"SAWPA"
6053849,365,60590629002,"SAWPA"
6055255,365,60590629002,"SAWPA"
6043504,365,60590629002,"SAWPA"
6053841,365,60590629002,"SAWPA"
6036343,365,60590630061,"SAWPA"
6033865,365,60590630061,"SAWPA"
6033706,365,60590630061,"SAWPA"
6039100,365,60590630061,"SAWPA"
6036350,365,60590630061,"SAWPA"
6035646,365,60590630061,"SAWPA"
6036342,365,60590630061,"SAWPA"
6038003,365,60590630061,"SAWPA"
6037229,365,60590630061,"SAWPA"
6033715,365,60590630061,"SAWPA"
6035653,365,60590630061,"SAWPA"
6038964,365,60590630061,"SAWPA"
6032974,365,60590630061,"SAWPA"
6037236,365,60590630061,"SAWPA"
6038982,365,60590630061,"SAWPA"
6033822,365,60590630061,"SAWPA"
6033784,365,60590630061,"SAWPA"
6033663,365,60590630061,"SAWPA"
6033671,365,60590630061,"SAWPA"
6037245,365,60590630061,"SAWPA"
6132764,154,60590637012,"SAWPA"
6132761,154,60590637012,"SAWPA"
6132766,154,60590637012,"SAWPA"
6132810,154,60590637012,"SAWPA"
6041334,154,60590637012,"SAWPA"
6132809,154,60590637012,"SAWPA"
6132742,154,60590637012,"SAWPA"
6132817,154,60590637012,"SAWPA"
6040875,154,60590637012,"SAWPA"
6040939,154,60590637012,"SAWPA"
6040916,154,60590637012,"SAWPA"
6040917,154,60590637012,"SAWPA"
6040795,154,60590637012,"SAWPA"
6040790,154,60590637012,"SAWPA"
6132734,154,60590637012,"SAWPA"
6132783,154,60590637012,"SAWPA"
6040891,154,60590637012,"SAWPA"
6040884,154,60590637012,"SAWPA"
6132822,154,60590637012,"SAWPA"
6040914,154,60590637012,"SAWPA"
5471693,26,60590757012,"SAWPA"
5471640,26,60590757012,"SAWPA"
5471740,26,60590757012,"SAWPA"
5471662,26,60590757012,"SAWPA"
5471730,26,60590757012,"SAWPA"
5471769,26,60590757012,"SAWPA"
5471731,26,60590757012,"SAWPA"
5471631,26,60590757012,"SAWPA"
5471715,26,60590757012,"SAWPA"
5471673,26,60590757012,"SAWPA"
5471748,26,60590757012,"SAWPA"
5471655,26,60590757012,"SAWPA"
5471712,26,60590757012,"SAWPA"
5471771,26,60590757012,"SAWPA"
5471762,26,60590757012,"SAWPA"
5471759,26,60590757012,"SAWPA"
5471695,26,60590757012,"SAWPA"
5471651,26,60590757012,"SAWPA"
5471744,26,60590757012,"SAWPA"
5471765,26,60590757012,"SAWPA"
5485703,164,60590863041,"SAWPA"
5485733,164,60590863041,"SAWPA"
5485657,164,60590863041,"SAWPA"
5479773,164,60590863041,"SAWPA"
5479907,164,60590863041,"SAWPA"
5487770,164,60590863041,"SAWPA"
5485724,164,60590863041,"SAWPA"
5486152,164,60590863041,"SAWPA"
5486132,164,60590863041,"SAWPA"
5487793,164,60590863041,"SAWPA"
5479916,164,60590863041,"SAWPA"
5485688,164,60590863041,"SAWPA"
5487805,164,60590863041,"SAWPA"
5487833,164,60590863041,"SAWPA"
5487843,164,60590863041,"SAWPA"
5486416,164,60590863041,"SAWPA"
5485725,164,60590863041,"SAWPA"
5486143,164,60590863041,"SAWPA"
5485701,164,60590863041,"SAWPA"
5485728,164,60590863041,"SAWPA"
5502692,164,60590872002,"SAWPA"
5502675,164,60590872002,"SAWPA"
5479220,164,60590872002,"SAWPA"
5502762,164,60590872002,"SAWPA"
5479356,164,60590872002,"SAWPA"
5505165,164,60590872002,"SAWPA"
5502766,164,60590872002,"SAWPA"
5502749,164,60590872002,"SAWPA"
5502727,164,60590872002,"SAWPA"
5502661,164,60590872002,"SAWPA"
5505210,164,60590872002,"SAWPA"
5476801,164,60590872002,"SAWPA"
5479362,164,60590872002,"SAWPA"
5502805,164,60590872002,"SAWPA"
5502743,164,60590872002,"SAWPA"
5502740,164,60590872002,"SAWPA"
5476818,164,60590872002,"SAWPA"
5505169,164,60590872002,"SAWPA"
5502736,164,60590872002,"SAWPA"
5502790,164,60590872002,"SAWPA"
5503066,164,60590876021,"SAWPA"
5503082,164,60590876021,"SAWPA"
5502925,164,60590876021,"SAWPA"
5503142,164,60590876021,"SAWPA"
5503074,164,60590876021,"SAWPA"
5503000,164,60590876021,"SAWPA"
5502956,164,60590876021,"SAWPA"
5503171,164,60590876021,"SAWPA"
5503139,164,60590876021,"SAWPA"
5502954,164,60590876021,"SAWPA"
5503157,164,60590876021,"SAWPA"
5503144,164,60590876021,"SAWPA"
5503170,164,60590876021,"SAWPA"
5502997,164,60590876021,"SAWPA"
5503149,164,60590876021,"SAWPA"
5502959,164,60590876021,"SAWPA"
5502968,164,60590876021,"SAWPA"
5503016,164,60590876021,"SAWPA"
5503040,164,60590876021,"SAWPA"
5503005,164,60590876021,"SAWPA"
5236426,164,60590877042,"SAWPA"
5552818,164,60590877042,"SAWPA"
5552553,164,60590877042,"SAWPA"
5552904,164,60590877042,"SAWPA"
5552629,164,60590877042,"SAWPA"
5236387,164,60590877042,"SAWPA"
5552536,164,60590877042,"SAWPA"
5552921,164,60590877042,"SAWPA"
5236431,164,60590877042,"SAWPA"
5236475,164,60590877042,"SAWPA"
5552832,164,60590877042,"SAWPA"
5552551,164,60590877042,"SAWPA"
5552638,164,60590877042,"SAWPA"
5552644,164,60590877042,"SAWPA"
5552913,164,60590877042,"SAWPA"
5552873,164,60590877042,"SAWPA"
5236477,164,60590877042,"SAWPA"
5552783,164,60590877042,"SAWPA"
5552905,164,60590877042,"SAWPA"
5552914,164,60590877042,"SAWPA"
6154923,26,60590992032,"SAWPA"
6140450,13,60590992032,"SAWPA"
6154847,93,60590992032,"SAWPA"
6139380,26,60590992032,"SAWPA"
6139285,93,60590992032,"SAWPA"
6140274,13,60590992032,"SAWPA"
6154561,13,60590992032,"SAWPA"
6139257,13,60590992032,"SAWPA"
6139341,26,60590992032,"SAWPA"
6140339,13,60590992032,"SAWPA"
6139126,26,60590992032,"SAWPA"
6139121,26,60590992032,"SAWPA"
6140310,13,60590992032,"SAWPA"
6139263,93,60590992032,"SAWPA"
6139109,26,60590992032,"SAWPA"
6140360,13,60590992032,"SAWPA"
6140436,13,60590992032,"SAWPA"
6154659,13,60590992032,"SAWPA"
6156007,26,60590992032,"SAWPA"
6140401,13,60590992032,"SAWPA"
6106358,277,60590992391,"SAWPA"
6106302,277,60590992391,"SAWPA"
6106299,277,60590992391,"SAWPA"
6106224,277,60590992391,"SAWPA"
6106314,277,60590992391,"SAWPA"
6106428,277,60590992391,"SAWPA"
6106320,277,60590992391,"SAWPA"
6106360,277,60590992391,"SAWPA"
6106432,277,60590992391,"SAWPA"
6110650,277,60590992391,"SAWPA"
6110652,277,60590992391,"SAWPA"
6106222,277,60590992391,"SAWPA"
6106300,277,60590992391,"SAWPA"
6106264,277,60590992391,"SAWPA"
6106296,277,60590992391,"SAWPA"
6106324,277,60590992391,"SAWPA"
6106278,277,60590992391,"SAWPA"
6106228,277,60590992391,"SAWPA"
6106250,277,60590992391,"SAWPA"
6106385,277,60590992391,"SAWPA"
6191350,277,60590992422,"SAWPA"
6190515,277,60590992422,"SAWPA"
6191316,277,60590992422,"SAWPA"
6188111,277,60590992422,"SAWPA"
6191511,277,60590992422,"SAWPA"
6191302,277,60590992422,"SAWPA"
6166549,277,60590992422,"SAWPA"
6191524,277,60590992422,"SAWPA"
6191314,277,60590992422,"SAWPA"
6191386,277,60590992422,"SAWPA"
6191471,277,60590992422,"SAWPA"
6191558,277,60590992422,"SAWPA"
6166614,277,60590992422,"SAWPA"
6190500,277,60590992422,"SAWPA"
6191515,277,60590992422,"SAWPA"
6191394,277,60590992422,"SAWPA"
6166653,277,60590992422,"SAWPA"
6191410,277,60590992422,"SAWPA"
6191416,277,60590992422,"SAWPA"
6191449,277,60590992422,"SAWPA"
6128003,277,60590992452,"SAWPA"
6127946,277,60590992452,"SAWPA"
6172747,277,60590992452,"SAWPA"
6127996,277,60590992452,"SAWPA"
6111912,277,60590992452,"SAWPA"
6113786,277,60590992452,"SAWPA"
6172703,277,60590992452,"SAWPA"
6172714,277,60590992452,"SAWPA"
6172916,277,60590992452,"SAWPA"
6172741,277,60590992452,"SAWPA"
6127981,277,60590992452,"SAWPA"
6172781,277,60590992452,"SAWPA"
6111946,277,60590992452,"SAWPA"
6127975,277,60590992452,"SAWPA"
6111965,277,60590992452,"SAWPA"
6111978,277,60590992452,"SAWPA"
6111913,277,60590992452,"SAWPA"
6127947,277,60590992452,"SAWPA"
6113771,277,60590992452,"SAWPA"
6173077,277,60590992452,"SAWPA"
6184113,277,60590994052,"SAWPA"
6184015,277,60590994052,"SAWPA"
6191670,277,60590994052,"SAWPA"
6184099,277,60590994052,"SAWPA"
6184018,277,60590994052,"SAWPA"
6191758,277,60590994052,"SAWPA"
6183964,277,60590994052,"SAWPA"
6191628,277,60590994052,"SAWPA"
6191685,277,60590994052,"SAWPA"
6184107,277,60590994052,"SAWPA"
6191694,277,60590994052,"SAWPA"
6192709,277,60590994052,"SAWPA"
6191741,277,60590994052,"SAWPA"
6192730,277,60590994052,"SAWPA"
6192585,277,60590994052,"SAWPA"
6191722,277,60590994052,"SAWPA"
6184048,277,60590994052,"SAWPA"
6184106,277,60590994052,"SAWPA"
6183995,277,60590994052,"SAWPA"
6192719,277,60590994052,"SAWPA"
6177475,277,60590995131,"SAWPA"
6178494,277,60590995131,"SAWPA"
6178535,277,60590995131,"SAWPA"
6181404,277,60590995131,"SAWPA"
6177567,277,60590995131,"SAWPA"
6177554,277,60590995131,"SAWPA"
6178577,277,60590995131,"SAWPA"
6178498,277,60590995131,"SAWPA"
6177591,277,60590995131,"SAWPA"
6178554,277,60590995131,"SAWPA"
6181477,277,60590995131,"SAWPA"
6195100,277,60590995131,"SAWPA"
6181906,277,60590995131,"SAWPA"
6178744,277,60590995131,"SAWPA"
6177595,277,60590995131,"SAWPA"
6181738,277,60590995131,"SAWPA"
6177506,277,60590995131,"SAWPA"
6178647,277,60590995131,"SAWPA"
6181414,277,60590995131,"SAWPA"
6177407,277,60590995131,"SAWPA"
5200787,107,60591100083,"SAWPA"
5596573,107,60591100083,"SAWPA"
5200076,107,60591100083,"SAWPA"
5201028,107,60591100083,"SAWPA"
5596580,107,60591100083,"SAWPA"
5202034,107,60591100083,"SAWPA"
5200696,107,60591100083,"SAWPA"
5200116,107,60591100083,"SAWPA"
5596578,107,60591100083,"SAWPA"
5202030,107,60591100083,"SAWPA"
5202000,107,60591100083,"SAWPA"
5200132,107,60591100083,"SAWPA"
5202031,107,60591100083,"SAWPA"
5200730,107,60591100083,"SAWPA"
5200188,107,60591100083,"SAWPA"
5201030,107,60591100083,"SAWPA"
5201178,107,60591100083,"SAWPA"
5201031,107,60591100083,"SAWPA"
5200168,107,60591100083,"SAWPA"
5596597,107,60591100083,"SAWPA"
5194281,107,60591101141,"SAWPA"
5577640,107,60591101141,"SAWPA"
5577617,107,60591101141,"SAWPA"
5194130,107,60591101141,"SAWPA"
5194279,107,60591101141,"SAWPA"
5584298,107,60591101141,"SAWPA"
5584277,107,60591101141,"SAWPA"
5194219,107,60591101141,"SAWPA"
5194255,107,60591101141,"SAWPA"
5577647,107,60591101141,"SAWPA"
5194314,107,60591101141,"SAWPA"
5582047,107,60591101141,"SAWPA"
5194300,107,60591101141,"SAWPA"
5577606,107,60591101141,"SAWPA"
5194199,107,60591101141,"SAWPA"
5194294,107,60591101141,"SAWPA"
5584357,107,60591101141,"SAWPA"
5194288,107,60591101141,"SAWPA"
5194227,107,60591101141,"SAWPA"
5194150,107,60591101141,"SAWPA"
5023125,54,60591106061,"SAWPA"
5519794,54,60591106061,"SAWPA"
5519808,54,60591106061,"SAWPA"
5023565,54,60591106061,"SAWPA"
5023531,54,60591106061,"SAWPA"
5023216,54,60591106061,"SAWPA"
5519818,54,60591106061,"SAWPA"
5519873,54,60591106061,"SAWPA"
5023517,54,60591106061,"SAWPA"
5518287,54,60591106061,"SAWPA"
5519925,54,60591106061,"SAWPA"
5519801,54,60591106061,"SAWPA"
5017373,54,60591106061,"SAWPA"
5023116,54,60591106061,"SAWPA"
5023225,54,60591106061,"SAWPA"
5017445,54,60591106061,"SAWPA"
5023512,54,60591106061,"SAWPA"
5518308,54,60591106061,"SAWPA"
5518281,54,60591106061,"SAWPA"
5519791,54,60591106061,"SAWPA"
4139005,167,60650301011,"SAWPA"
4139008,167,60650301011,"SAWPA"
1714389,167,60650301011,"SAWPA"
4550190,167,60650301011,"SAWPA"
4138978,167,60650301011,"SAWPA"
4543322,167,60650301011,"SAWPA"
1714262,167,60650301011,"SAWPA"
4138970,167,60650301011,"SAWPA"
4550186,167,60650301011,"SAWPA"
1714153,167,60650301011,"SAWPA"
4138956,167,60650301011,"SAWPA"
4138999,167,60650301011,"SAWPA"
4138982,167,60650301011,"SAWPA"
4538011,167,60650301011,"SAWPA"
4556457,167,60650301011,"SAWPA"
4556422,167,60650301011,"SAWPA"
4556452,167,60650301011,"SAWPA"
4543312,167,60650301011,"SAWPA"
4550185,167,60650301011,"SAWPA"
1714208,167,60650301011,"SAWPA"
4557463,167,60650301041,"SAWPA"
4554619,167,60650301041,"SAWPA"
4142946,167,60650301041,"SAWPA"
4535862,167,60650301041,"SAWPA"
4138519,167,60650301041,"SAWPA"
4138451,167,60650301041,"SAWPA"
4138479,167,60650301041,"SAWPA"
4138516,167,60650301041,"SAWPA"
4535644,167,60650301041,"SAWPA"
4548831,167,60650301041,"SAWPA"
4543279,167,60650301041,"SAWPA"
4140391,167,60650301041,"SAWPA"
4535850,167,60650301041,"SAWPA"
4535737,167,60650301041,"SAWPA"
4138429,167,60650301041,"SAWPA"
4142916,167,60650301041,"SAWPA"
4136119,167,60650301041,"SAWPA"
4535649,167,60650301041,"SAWPA"
4136209,167,60650301041,"SAWPA"
4138551,167,60650301041,"SAWPA"
4534994,167,60650301043,"SAWPA"
4551001,167,60650301043,"SAWPA"
4555293,167,60650301043,"SAWPA"
4136128,167,60650301043,"SAWPA"
4129561,167,60650301043,"SAWPA"
4535744,167,60650301043,"SAWPA"
4534984,167,60650301043,"SAWPA"
4543311,167,60650301043,"SAWPA"
4132199,167,60650301043,"SAWPA"
4142994,167,60650301043,"SAWPA"
4129554,167,60650301043,"SAWPA"
4129605,167,60650301043,"SAWPA"
4132168,167,60650301043,"SAWPA"
4142875,167,60650301043,"SAWPA"
4135845,167,60650301043,"SAWPA"
4535874,167,60650301043,"SAWPA"
4144902,167,60650301043,"SAWPA"
4556474,167,60650301043,"SAWPA"
4554632,167,60650301043,"SAWPA"
4528237,167,60650301043,"SAWPA"
1800312,167,60650304004,"SAWPA"
1814993,167,60650304004,"SAWPA"
1720589,167,60650304004,"SAWPA"
1708625,167,60650304004,"SAWPA"
1800364,167,60650304004,"SAWPA"
1814920,167,60650304004,"SAWPA"
1720662,167,60650304004,"SAWPA"
1720636,167,60650304004,"SAWPA"
1814947,167,60650304004,"SAWPA"
1720667,167,60650304004,"SAWPA"
1800452,167,60650304004,"SAWPA"
1720697,167,60650304004,"SAWPA"
1708812,167,60650304004,"SAWPA"
1728409,167,60650304004,"SAWPA"
1814845,167,60650304004,"SAWPA"
1800467,167,60650304004,"SAWPA"
1800319,167,60650304004,"SAWPA"
1800269,167,60650304004,"SAWPA"
1800442,167,60650304004,"SAWPA"
1800305,167,60650304004,"SAWPA"
4910406,,60650306013,"SAWPA"
1790320,167,60650306013,"SAWPA"
1799794,167,60650306013,"SAWPA"
1801701,167,60650306013,"SAWPA"
1808215,167,60650306013,"SAWPA"
1816818,167,60650306013,"SAWPA"
1801567,167,60650306013,"SAWPA"
1790504,167,60650306013,"SAWPA"
1790298,167,60650306013,"SAWPA"
1801528,167,60650306013,"SAWPA"
4910309,,60650306013,"SAWPA"
1801813,167,60650306013,"SAWPA"
1790232,167,60650306013,"SAWPA"
1790444,167,60650306013,"SAWPA"
4891692,167,60650306013,"SAWPA"
1799720,,60650306013,"SAWPA"
4891660,167,60650306013,"SAWPA"
4891705,167,60650306013,"SAWPA"
4891620,167,60650306013,"SAWPA"
1808163,167,60650306013,"SAWPA"
1815158,167,60650306023,"SAWPA"
1792740,167,60650306023,"SAWPA"
1792466,167,60650306023,"SAWPA"
1805644,167,60650306023,"SAWPA"
1792656,167,60650306023,"SAWPA"
1792725,167,60650306023,"SAWPA"
1811130,167,60650306023,"SAWPA"
1790395,167,60650306023,"SAWPA"
1792588,167,60650306023,"SAWPA"
1790406,167,60650306023,"SAWPA"
1790247,167,60650306023,"SAWPA"
1790292,167,60650306023,"SAWPA"
1805727,167,60650306023,"SAWPA"
1792487,167,60650306023,"SAWPA"
1792408,167,60650306023,"SAWPA"
1792736,167,60650306023,"SAWPA"
1790421,167,60650306023,"SAWPA"
1811137,167,60650306023,"SAWPA"
1792521,167,60650306023,"SAWPA"
1792542,167,60650306023,"SAWPA"
1710871,167,60650310021,"SAWPA"
1705614,167,60650310021,"SAWPA"
1740078,167,60650310021,"SAWPA"
1743422,167,60650310021,"SAWPA"
1710686,167,60650310021,"SAWPA"
1743344,167,60650310021,"SAWPA"
1738706,167,60650310021,"SAWPA"
1705673,167,60650310021,"SAWPA"
1740136,167,60650310021,"SAWPA"
1709857,167,60650310021,"SAWPA"
1705653,167,60650310021,"SAWPA"
1709883,167,60650310021,"SAWPA"
1709893,167,60650310021,"SAWPA"
1743365,167,60650310021,"SAWPA"
1710884,167,60650310021,"SAWPA"
1739908,167,60650310021,"SAWPA"
1710837,167,60650310021,"SAWPA"
1743363,167,60650310021,"SAWPA"
1709902,167,60650310021,"SAWPA"
1710790,167,60650310021,"SAWPA"
1695997,80,60650402011,"SAWPA"
4130692,80,60650402011,"SAWPA"
4548869,80,60650402011,"SAWPA"
4531487,80,60650402011,"SAWPA"
1712354,80,60650402011,"SAWPA"
4542503,80,60650402011,"SAWPA"
1705537,80,60650402011,"SAWPA"
1705522,80,60650402011,"SAWPA"
4550743,80,60650402011,"SAWPA"
1712341,80,60650402011,"SAWPA"
4128604,80,60650402011,"SAWPA"
4542490,80,60650402011,"SAWPA"
4130707,80,60650402011,"SAWPA"
4134058,80,60650402011,"SAWPA"
4133993,80,60650402011,"SAWPA"
4128567,80,60650402011,"SAWPA"
4550650,80,60650402011,"SAWPA"
1712328,80,60650402011,"SAWPA"
4534281,80,60650402011,"SAWPA"
1696082,80,60650402011,"SAWPA"
4530338,80,60650403013,"SAWPA"
4133974,80,60650403013,"SAWPA"
4530507,80,60650403013,"SAWPA"
4538330,80,60650403013,"SAWPA"
4538397,80,60650403013,"SAWPA"
4132805,80,60650403013,"SAWPA"
4538437,80,60650403013,"SAWPA"
4132811,80,60650403013,"SAWPA"
4538263,80,60650403013,"SAWPA"
1696015,80,60650403013,"SAWPA"
4530329,80,60650403013,"SAWPA"
4538322,80,60650403013,"SAWPA"
4542513,80,60650403013,"SAWPA"
4530542,80,60650403013,"SAWPA"
4137314,80,60650403013,"SAWPA"
1716583,80,60650403013,"SAWPA"
4132937,80,60650403013,"SAWPA"
4133956,80,60650403013,"SAWPA"
4530440,80,60650403013,"SAWPA"
4132963,80,60650403013,"SAWPA"
4899513,61,60650408151,"SAWPA"
4884552,61,60650408151,"SAWPA"
4884493,61,60650408151,"SAWPA"
4884533,61,60650408151,"SAWPA"
4884500,61,60650408151,"SAWPA"
4884574,61,60650408151,"SAWPA"
4884562,61,60650408151,"SAWPA"
4884466,61,60650408151,"SAWPA"
4861203,61,60650408151,"SAWPA"
4913742,61,60650408151,"SAWPA"
4861201,61,60650408151,"SAWPA"
4884623,61,60650408151,"SAWPA"
4899411,61,60650408151,"SAWPA"
4887905,61,60650408151,"SAWPA"
4899436,61,60650408151,"SAWPA"
4899374,61,60650408151,"SAWPA"
4899420,61,60650408151,"SAWPA"
4884452,61,60650408151,"SAWPA"
4884510,61,60650408151,"SAWPA"
4917498,61,60650408151,"SAWPA"
1612536,167,60650412022,"SAWPA"
1595043,167,60650412022,"SAWPA"
1600705,167,60650412022,"SAWPA"
1609001,167,60650412022,"SAWPA"
1600929,167,60650412022,"SAWPA"
4897236,167,60650412022,"SAWPA"
4897400,167,60650412022,"SAWPA"
1600676,167,60650412022,"SAWPA"
4897373,167,60650412022,"SAWPA"
4921118,167,60650412022,"SAWPA"
4897359,167,60650412022,"SAWPA"
4890143,167,60650412022,"SAWPA"
1612617,167,60650412022,"SAWPA"
1600728,167,60650412022,"SAWPA"
1612551,167,60650412022,"SAWPA"
4921102,167,60650412022,"SAWPA"
1616394,167,60650412022,"SAWPA"
4921078,167,60650412022,"SAWPA"
4897383,167,60650412022,"SAWPA"
1600759,167,60650412022,"SAWPA"
4534852,167,60650423003,"SAWPA"
4534627,167,60650423003,"SAWPA"
4534910,167,60650423003,"SAWPA"
4534877,167,60650423003,"SAWPA"
4534882,167,60650423003,"SAWPA"
4128893,167,60650423003,"SAWPA"
4548815,167,60650423003,"SAWPA"
4129088,167,60650423003,"SAWPA"
4129017,167,60650423003,"SAWPA"
4132125,167,60650423003,"SAWPA"
4534859,167,60650423003,"SAWPA"
4128922,167,60650423003,"SAWPA"
4534732,167,60650423003,"SAWPA"
4535018,167,60650423003,"SAWPA"
4535057,167,60650423003,"SAWPA"
4534996,167,60650423003,"SAWPA"
4128974,167,60650423003,"SAWPA"
4128938,167,60650423003,"SAWPA"
4128884,167,60650423003,"SAWPA"
4132194,167,60650423003,"SAWPA"
1804922,53,60650424032,"SAWPA"
1790661,53,60650424032,"SAWPA"
1804990,53,60650424032,"SAWPA"
1814219,53,60650424032,"SAWPA"
1814382,53,60650424032,"SAWPA"
1790690,53,60650424032,"SAWPA"
1814390,53,60650424032,"SAWPA"
1790736,53,60650424032,"SAWPA"
1800885,53,60650424032,"SAWPA"
1814364,53,60650424032,"SAWPA"
1790756,53,60650424032,"SAWPA"
1790786,53,60650424032,"SAWPA"
1790770,53,60650424032,"SAWPA"
1800902,53,60650424032,"SAWPA"
1814256,53,60650424032,"SAWPA"
1700565,53,60650424032,"SAWPA"
1700627,53,60650424032,"SAWPA"
1804921,53,60650424032,"SAWPA"
1814327,53,60650424032,"SAWPA"
1800860,53,60650424032,"SAWPA"
1728214,53,60650424112,"SAWPA"
1799088,53,60650424112,"SAWPA"
1721490,53,60650424112,"SAWPA"
1797702,53,60650424112,"SAWPA"
1797697,53,60650424112,"SAWPA"
1797751,53,60650424112,"SAWPA"
1797849,53,60650424112,"SAWPA"
1728314,53,60650424112,"SAWPA"
1797684,53,60650424112,"SAWPA"
1797696,53,60650424112,"SAWPA"
1715215,53,60650424112,"SAWPA"
1799120,53,60650424112,"SAWPA"
1799062,53,60650424112,"SAWPA"
1797723,53,60650424112,"SAWPA"
1708191,53,60650424112,"SAWPA"
1797765,53,60650424112,"SAWPA"
1715172,53,60650424112,"SAWPA"
1714996,53,60650424112,"SAWPA"
1717775,53,60650424112,"SAWPA"
1797656,53,60650424112,"SAWPA"
4724792,53,60650426211,"SAWPA"
1818707,53,60650426211,"SAWPA"
1795249,53,60650426211,"SAWPA"
4724800,53,60650426211,"SAWPA"
4721019,53,60650426211,"SAWPA"
1801101,53,60650426211,"SAWPA"
4721082,53,60650426211,"SAWPA"
4721058,53,60650426211,"SAWPA"
4721193,53,60650426211,"SAWPA"
4306010,53,60650426211,"SAWPA"
4721062,53,60650426211,"SAWPA"
4306022,53,60650426211,"SAWPA"
4721207,53,60650426211,"SAWPA"
1818733,53,60650426211,"SAWPA"
1793379,53,60650426211,"SAWPA"
4721055,53,60650426211,"SAWPA"
1793476,53,60650426211,"SAWPA"
1793516,53,60650426211,"SAWPA"
4721218,53,60650426211,"SAWPA"
1795223,53,60650426211,"SAWPA"
5911634,53,60650427293,"SAWPA"
5930141,53,60650427293,"SAWPA"
5930327,53,60650427293,"SAWPA"
4629343,53,60650427293,"SAWPA"
5929935,53,60650427293,"SAWPA"
5887627,53,60650427293,"SAWPA"
5382299,53,60650427293,"SAWPA"
5382395,53,60650427293,"SAWPA"
5930284,53,60650427293,"SAWPA"
5929937,53,60650427293,"SAWPA"
5930126,53,60650427293,"SAWPA"
5929936,53,60650427293,"SAWPA"
5886607,53,60650427293,"SAWPA"
5911750,53,60650427293,"SAWPA"
5911743,53,60650427293,"SAWPA"
5379422,53,60650427293,"SAWPA"
5931300,53,60650427293,"SAWPA"
5377317,53,60650427293,"SAWPA"
5886430,53,60650427293,"SAWPA"
5930018,53,60650427293,"SAWPA"
4876569,53,60650429022,"SAWPA"
5926656,53,60650429022,"SAWPA"
5388697,53,60650429022,"SAWPA"
5336601,53,60650429022,"SAWPA"
5374931,53,60650429022,"SAWPA"
5926551,53,60650429022,"SAWPA"
5926614,53,60650429022,"SAWPA"
4846743,53,60650429022,"SAWPA"
4876643,53,60650429022,"SAWPA"
5320178,53,60650429022,"SAWPA"
5926586,53,60650429022,"SAWPA"
4876682,53,60650429022,"SAWPA"
4876574,53,60650429022,"SAWPA"
5927337,53,60650429022,"SAWPA"
5324611,53,60650429022,"SAWPA"
4876654,53,60650429022,"SAWPA"
5850107,53,60650429022,"SAWPA"
5324670,53,60650429022,"SAWPA"
5926570,53,60650429022,"SAWPA"
5926571,53,60650429022,"SAWPA"
5941589,261,60650430062,"SAWPA"
5944131,261,60650430062,"SAWPA"
5951341,261,60650430062,"SAWPA"
5939392,261,60650430062,"SAWPA"
5942528,261,60650430062,"SAWPA"
5944614,261,60650430062,"SAWPA"
5922115,261,60650430062,"SAWPA"
5892443,261,60650430062,"SAWPA"
5945521,261,60650430062,"SAWPA"
5944762,261,60650430062,"SAWPA"
5901500,261,60650430062,"SAWPA"
5944186,261,60650430062,"SAWPA"
5892332,261,60650430062,"SAWPA"
5957301,261,60650430062,"SAWPA"
5939480,261,60650430062,"SAWPA"
5939510,261,60650430062,"SAWPA"
5944752,261,60650430062,"SAWPA"
5940199,261,60650430062,"SAWPA"
5929893,261,60650430062,"SAWPA"
5945855,261,60650430062,"SAWPA"
5851351,53,60650433082,"SAWPA"
5347684,53,60650433082,"SAWPA"
5347718,53,60650433082,"SAWPA"
5846608,53,60650433082,"SAWPA"
5347682,53,60650433082,"SAWPA"
5347713,53,60650433082,"SAWPA"
5846551,53,60650433082,"SAWPA"
5846530,53,60650433082,"SAWPA"
5347895,53,60650433082,"SAWPA"
5385566,53,60650433082,"SAWPA"
5347809,53,60650433082,"SAWPA"
5347688,53,60650433082,"SAWPA"
5384502,53,60650433082,"SAWPA"
5325370,53,60650433082,"SAWPA"
5325350,53,60650433082,"SAWPA"
5347728,53,60650433082,"SAWPA"
5348114,53,60650433082,"SAWPA"
5336091,53,60650433082,"SAWPA"
5347710,53,60650433082,"SAWPA"
5347867,53,60650433082,"SAWPA"
5851486,53,60650433112,"SAWPA"
5352389,53,60650433112,"SAWPA"
5853384,53,60650433112,"SAWPA"
5851515,53,60650433112,"SAWPA"
5345866,53,60650433112,"SAWPA"
5851614,53,60650433112,"SAWPA"
5336724,53,60650433112,"SAWPA"
5851503,53,60650433112,"SAWPA"
5853383,53,60650433112,"SAWPA"
5352347,53,60650433112,"SAWPA"
5851638,53,60650433112,"SAWPA"
5851582,53,60650433112,"SAWPA"
5352324,53,60650433112,"SAWPA"
5851647,53,60650433112,"SAWPA"
5336640,53,60650433112,"SAWPA"
5352310,53,60650433112,"SAWPA"
5853382,53,60650433112,"SAWPA"
5346014,53,60650433112,"SAWPA"
5312633,53,60650433112,"SAWPA"
5384331,53,60650433112,"SAWPA"
5383763,53,60650435042,"SAWPA"
5847754,53,60650435042,"SAWPA"
5853510,53,60650435042,"SAWPA"
5849067,53,60650435042,"SAWPA"
4815675,53,60650435042,"SAWPA"
5842463,53,60650435042,"SAWPA"
5328111,53,60650435042,"SAWPA"
4806680,53,60650435042,"SAWPA"
4804763,53,60650435042,"SAWPA"
5384831,53,60650435042,"SAWPA"
5328026,53,60650435042,"SAWPA"
5328299,53,60650435042,"SAWPA"
5385391,53,60650435042,"SAWPA"
5853444,53,60650435042,"SAWPA"
5332680,53,60650435042,"SAWPA"
4806673,53,60650435042,"SAWPA"
5854676,53,60650435042,"SAWPA"
4806629,53,60650435042,"SAWPA"
4806562,53,60650435042,"SAWPA"
5383773,53,60650435042,"SAWPA"
4815442,53,60650435172,"SAWPA"
4808665,53,60650435172,"SAWPA"
4812707,53,60650435172,"SAWPA"
4808634,53,60650435172,"SAWPA"
4804961,53,60650435172,"SAWPA"
4804847,53,60650435172,"SAWPA"
4808655,53,60650435172,"SAWPA"
4815467,53,60650435172,"SAWPA"
4804916,53,60650435172,"SAWPA"
4815337,53,60650435172,"SAWPA"
4804904,53,60650435172,"SAWPA"
4808452,53,60650435172,"SAWPA"
4808688,53,60650435172,"SAWPA"
4804860,53,60650435172,"SAWPA"
4815326,53,60650435172,"SAWPA"
4817039,53,60650435172,"SAWPA"
4808544,53,60650435172,"SAWPA"
4810793,53,60650435172,"SAWPA"
4808722,53,60650435172,"SAWPA"
4816963,53,60650435172,"SAWPA"
4302578,122,60650440001,"SAWPA"
4310752,122,60650440001,"SAWPA"
4329305,122,60650440001,"SAWPA"
4310839,122,60650440001,"SAWPA"
4302592,122,60650440001,"SAWPA"
4302562,122,60650440001,"SAWPA"
4310586,122,60650440001,"SAWPA"
4310758,122,60650440001,"SAWPA"
4310692,122,60650440001,"SAWPA"
4310645,122,60650440001,"SAWPA"
4310695,122,60650440001,"SAWPA"
4318005,122,60650440001,"SAWPA"
4318000,122,60650440001,"SAWPA"
4320649,122,60650440001,"SAWPA"
4302622,122,60650440001,"SAWPA"
4302547,122,60650440001,"SAWPA"
4302694,122,60650440001,"SAWPA"
4310767,122,60650440001,"SAWPA"
4310794,122,60650440001,"SAWPA"
4329282,122,60650440001,"SAWPA"
4711325,53,60650488001,"SAWPA"
4829806,53,60650488001,"SAWPA"
4827466,53,60650488001,"SAWPA"
4713161,53,60650488001,"SAWPA"
4713230,53,60650488001,"SAWPA"
4711310,53,60650488001,"SAWPA"
4829744,53,60650488001,"SAWPA"
4713282,53,60650488001,"SAWPA"
4713205,53,60650488001,"SAWPA"
4713228,53,60650488001,"SAWPA"
4713175,53,60650488001,"SAWPA"
4827565,53,60650488001,"SAWPA"
4832397,53,60650488001,"SAWPA"
4829776,53,60650488001,"SAWPA"
4832381,53,60650488001,"SAWPA"
4711312,53,60650488001,"SAWPA"
4713200,53,60650488001,"SAWPA"
4827459,53,60650488001,"SAWPA"
4832379,53,60650488001,"SAWPA"
4829774,53,60650488001,"SAWPA"
5373291,53,60650507004,"SAWPA"
5885737,53,60650507004,"SAWPA"
5885635,53,60650507004,"SAWPA"
5373479,53,60650507004,"SAWPA"
5373355,53,60650507004,"SAWPA"
5373468,53,60650507004,"SAWPA"
5373277,53,60650507004,"SAWPA"
4627524,53,60650507004,"SAWPA"
4627625,53,60650507004,"SAWPA"
4628653,53,60650507004,"SAWPA"
4627647,53,60650507004,"SAWPA"
5885394,53,60650507004,"SAWPA"
5885669,53,60650507004,"SAWPA"
5905326,53,60650507004,"SAWPA"
5900988,53,60650507004,"SAWPA"
4627673,53,60650507004,"SAWPA"
5911325,53,60650507004,"SAWPA"
5885612,53,60650507004,"SAWPA"
5885616,53,60650507004,"SAWPA"
4627473,53,60650507004,"SAWPA"
1627920,240,60710008123,"SAWPA"
1631588,240,60710008123,"SAWPA"
1631599,240,60710008123,"SAWPA"
1628008,240,60710008123,"SAWPA"
1631532,240,60710008123,"SAWPA"
1631597,240,60710008123,"SAWPA"
1563312,240,60710008123,"SAWPA"
1562692,240,60710008123,"SAWPA"
1565240,240,60710008123,"SAWPA"
1561035,240,60710008123,"SAWPA"
1631279,240,60710008123,"SAWPA"
1564797,240,60710008123,"SAWPA"
1631575,240,60710008123,"SAWPA"
1565285,240,60710008123,"SAWPA"
1565499,240,60710008123,"SAWPA"
1561180,240,60710008123,"SAWPA"
1561179,240,60710008123,"SAWPA"
1565536,240,60710008123,"SAWPA"
1631452,240,60710008123,"SAWPA"
1565426,240,60710008123,"SAWPA"
1571000,276,60710008181,"SAWPA"
1570982,276,60710008181,"SAWPA"
1472629,276,60710008181,"SAWPA"
1472664,276,60710008181,"SAWPA"
1570797,276,60710008181,"SAWPA"
1472614,276,60710008181,"SAWPA"
1266694,276,60710008181,"SAWPA"
1569412,276,60710008181,"SAWPA"
1568879,276,60710008181,"SAWPA"
1569464,276,60710008181,"SAWPA"
1266649,276,60710008181,"SAWPA"
2171711,276,60710008181,"SAWPA"
2171736,276,60710008181,"SAWPA"
1266685,276,60710008181,"SAWPA"
1570845,276,60710008181,"SAWPA"
1570963,276,60710008181,"SAWPA"
2171776,276,60710008181,"SAWPA"
2171685,276,60710008181,"SAWPA"
1472645,276,60710008181,"SAWPA"
1266638,276,60710008181,"SAWPA"
1571794,276,60710008182,"SAWPA"
2175128,276,60710008182,"SAWPA"
1571936,276,60710008182,"SAWPA"
1571844,276,60710008182,"SAWPA"
1573671,276,60710008182,"SAWPA"
2172508,276,60710008182,"SAWPA"
2176631,276,60710008182,"SAWPA"
2176723,276,60710008182,"SAWPA"
1571865,276,60710008182,"SAWPA"
1467669,276,60710008182,"SAWPA"
1465203,276,60710008182,"SAWPA"
1465226,276,60710008182,"SAWPA"
1573705,276,60710008182,"SAWPA"
1468345,276,60710008182,"SAWPA"
1571849,276,60710008182,"SAWPA"
1573787,276,60710008182,"SAWPA"
1571785,276,60710008182,"SAWPA"
1573769,276,60710008182,"SAWPA"
1573596,276,60710008182,"SAWPA"
1573726,276,60710008182,"SAWPA"
1269101,10,60710010011,"SAWPA"
1268890,10,60710010011,"SAWPA"
1268935,10,60710010011,"SAWPA"
1471234,10,60710010011,"SAWPA"
2172718,10,60710010011,"SAWPA"
1471291,10,60710010011,"SAWPA"
2172744,10,60710010011,"SAWPA"
2172651,10,60710010011,"SAWPA"
2172660,10,60710010011,"SAWPA"
1269061,10,60710010011,"SAWPA"
2172766,10,60710010011,"SAWPA"
2172696,10,60710010011,"SAWPA"
2172694,10,60710010011,"SAWPA"
2172800,10,60710010011,"SAWPA"
1471278,10,60710010011,"SAWPA"
1468136,10,60710010011,"SAWPA"
1471357,10,60710010011,"SAWPA"
2172669,10,60710010011,"SAWPA"
1471257,10,60710010011,"SAWPA"
1269055,10,60710010011,"SAWPA"
212760,240,60710020213,"SAWPA"
210963,240,60710020213,"SAWPA"
1567832,240,60710020213,"SAWPA"
212474,240,60710020213,"SAWPA"
212679,240,60710020213,"SAWPA"
212744,240,60710020213,"SAWPA"
212752,240,60710020213,"SAWPA"
206393,240,60710020213,"SAWPA"
212624,240,60710020213,"SAWPA"
211013,240,60710020213,"SAWPA"
206263,240,60710020213,"SAWPA"
212630,240,60710020213,"SAWPA"
206329,240,60710020213,"SAWPA"
206270,240,60710020213,"SAWPA"
207070,240,60710020213,"SAWPA"
207063,240,60710020213,"SAWPA"
206280,240,60710020213,"SAWPA"
206502,240,60710020213,"SAWPA"
206962,240,60710020213,"SAWPA"
212739,240,60710020213,"SAWPA"
1678009,240,60710020331,"SAWPA"
1691686,240,60710020331,"SAWPA"
1693768,240,60710020331,"SAWPA"
1691612,240,60710020331,"SAWPA"
1938188,240,60710020331,"SAWPA"
1691671,240,60710020331,"SAWPA"
214687,240,60710020331,"SAWPA"
1693736,240,60710020331,"SAWPA"
1692452,240,60710020331,"SAWPA"
1692494,240,60710020331,"SAWPA"
1692522,240,60710020331,"SAWPA"
1692511,240,60710020331,"SAWPA"
1939460,240,60710020331,"SAWPA"
1692523,240,60710020331,"SAWPA"
1692512,240,60710020331,"SAWPA"
214699,240,60710020331,"SAWPA"
214779,240,60710020331,"SAWPA"
1693730,240,60710020331,"SAWPA"
214887,240,60710020331,"SAWPA"
1691675,240,60710020331,"SAWPA"
1753186,18,60710029012,"SAWPA"
1674275,18,60710029012,"SAWPA"
1753017,18,60710029012,"SAWPA"
1674312,18,60710029012,"SAWPA"
1752716,18,60710029012,"SAWPA"
1676406,18,60710029012,"SAWPA"
1674368,18,60710029012,"SAWPA"
1752620,18,60710029012,"SAWPA"
1674266,18,60710029012,"SAWPA"
1674349,18,60710029012,"SAWPA"
1675545,18,60710029012,"SAWPA"
1674320,18,60710029012,"SAWPA"
1674344,18,60710029012,"SAWPA"
1752703,18,60710029012,"SAWPA"
1675372,18,60710029012,"SAWPA"
1753063,18,60710029012,"SAWPA"
1636097,18,60710029012,"SAWPA"
1674361,18,60710029012,"SAWPA"
1753184,18,60710029012,"SAWPA"
1753144,18,60710029012,"SAWPA"
1766558,43,60710036121,"SAWPA"
1746863,390,60710036121,"SAWPA"
1766554,43,60710036121,"SAWPA"
1766589,43,60710036121,"SAWPA"
1771776,43,60710036121,"SAWPA"
1766718,43,60710036121,"SAWPA"
1747037,390,60710036121,"SAWPA"
1745896,43,60710036121,"SAWPA"
1763541,43,60710036121,"SAWPA"
1746857,390,60710036121,"SAWPA"
1766722,43,60710036121,"SAWPA"
1745799,43,60710036121,"SAWPA"
1745882,43,60710036121,"SAWPA"
1766650,43,60710036121,"SAWPA"
1766721,43,60710036121,"SAWPA"
1766735,43,60710036121,"SAWPA"
1766560,43,60710036121,"SAWPA"
1766670,43,60710036121,"SAWPA"
1766456,43,60710036121,"SAWPA"
1746980,390,60710036121,"SAWPA"
185750,9,60710045073,"SAWPA"
186635,9,60710045073,"SAWPA"
188265,9,60710045073,"SAWPA"
186011,9,60710045073,"SAWPA"
185977,9,60710045073,"SAWPA"
185748,9,60710045073,"SAWPA"
185863,9,60710045073,"SAWPA"
189248,9,60710045073,"SAWPA"
189265,9,60710045073,"SAWPA"
185787,9,60710045073,"SAWPA"
188253,9,60710045073,"SAWPA"
186007,9,60710045073,"SAWPA"
185790,9,60710045073,"SAWPA"
185808,9,60710045073,"SAWPA"
185861,9,60710045073,"SAWPA"
189277,9,60710045073,"SAWPA"
186499,9,60710045073,"SAWPA"
185998,9,60710045073,"SAWPA"
185851,9,60710045073,"SAWPA"
185742,9,60710045073,"SAWPA"
4145432,9,60710071103,"SAWPA"
1751882,9,60710071103,"SAWPA"
1762236,9,60710071103,"SAWPA"
1752062,9,60710071103,"SAWPA"
4145503,9,60710071103,"SAWPA"
1762286,9,60710071103,"SAWPA"
1762183,9,60710071103,"SAWPA"
1762354,9,60710071103,"SAWPA"
4145567,9,60710071103,"SAWPA"
1752036,9,60710071103,"SAWPA"
1762362,9,60710071103,"SAWPA"
1752108,9,60710071103,"SAWPA"
4145545,9,60710071103,"SAWPA"
1762196,9,60710071103,"SAWPA"
4145765,9,60710071103,"SAWPA"
4145433,9,60710071103,"SAWPA"
4145508,9,60710071103,"SAWPA"
1752141,9,60710071103,"SAWPA"
1752138,9,60710071103,"SAWPA"
4145750,9,60710071103,"SAWPA"
4631598,314,60710086022,"SAWPA"
4257875,307,60710086022,"SAWPA"
4271067,307,60710086022,"SAWPA"
4258006,,60710086022,"SAWPA"
4257818,307,60710086022,"SAWPA"
4257950,307,60710086022,"SAWPA"
4271135,307,60710086022,"SAWPA"
4257872,307,60710086022,"SAWPA"
4632712,307,60710086022,"SAWPA"
4621568,307,60710086022,"SAWPA"
4271983,,60710086022,"SAWPA"
4257824,307,60710086022,"SAWPA"
4152752,307,60710086022,"SAWPA"
4631519,314,60710086022,"SAWPA"
4257930,307,60710086022,"SAWPA"
4621492,307,60710086022,"SAWPA"
4622521,,60710086022,"SAWPA"
4631566,314,60710086022,"SAWPA"
4257921,307,60710086022,"SAWPA"
4276865,314,60710086022,"SAWPA"
4162854,314,60710087062,"SAWPA"
4272836,314,60710087062,"SAWPA"
4632025,314,60710087062,"SAWPA"
4276528,314,60710087062,"SAWPA"
4276378,314,60710087062,"SAWPA"
4276507,314,60710087062,"SAWPA"
4633708,314,60710087062,"SAWPA"
4631789,314,60710087062,"SAWPA"
4162764,314,60710087062,"SAWPA"
4276538,314,60710087062,"SAWPA"
4164077,314,60710087062,"SAWPA"
4632051,314,60710087062,"SAWPA"
4277148,314,60710087062,"SAWPA"
4163578,314,60710087062,"SAWPA"
4164140,314,60710087062,"SAWPA"
4272828,314,60710087062,"SAWPA"
4277100,314,60710087062,"SAWPA"
4277096,314,60710087062,"SAWPA"
4276531,314,60710087062,"SAWPA"
4277213,314,60710087062,"SAWPA"
132367,25,60710113002,"SAWPA"
131028,25,60710113002,"SAWPA"
131655,25,60710113002,"SAWPA"
129951,25,60710113002,"SAWPA"
137395,,60710113002,"SAWPA"
133982,25,60710113002,"SAWPA"
132952,,60710113002,"SAWPA"
134194,,60710113002,"SAWPA"
134152,,60710113002,"SAWPA"
130394,,60710113002,"SAWPA"
130415,,60710113002,"SAWPA"
134062,25,60710113002,"SAWPA"
126682,25,60710113002,"SAWPA"
132469,25,60710113002,"SAWPA"
132522,25,60710113002,"SAWPA"
132584,25,60710113002,"SAWPA"
130333,,60710113002,"SAWPA"
137235,,60710113002,"SAWPA"
129434,25,60710113002,"SAWPA"
137425,,60710113002,"SAWPA"
140249,25,60710114014,"SAWPA"
132100,25,60710114014,"SAWPA"
128059,25,60710114014,"SAWPA"
132175,25,60710114014,"SAWPA"
127996,25,60710114014,"SAWPA"
139637,25,60710114014,"SAWPA"
134461,25,60710114014,"SAWPA"
134314,25,60710114014,"SAWPA"
139659,25,60710114014,"SAWPA"
132196,25,60710114014,"SAWPA"
138936,25,60710114014,"SAWPA"
132209,25,60710114014,"SAWPA"
132223,25,60710114014,"SAWPA"
134460,25,60710114014,"SAWPA"
141424,25,60710114014,"SAWPA"
138958,25,60710114014,"SAWPA"
133305,25,60710114014,"SAWPA"
138940,25,60710114014,"SAWPA"
132272,25,60710114014,"SAWPA"
128561,25,60710114014,"SAWPA"
126812,,60710114041,"SAWPA"
131168,25,60710114041,"SAWPA"
134690,,60710114041,"SAWPA"
135512,,60710114041,"SAWPA"
133083,25,60710114041,"SAWPA"
135574,,60710114041,"SAWPA"
125244,25,60710114041,"SAWPA"
132734,,60710114041,"SAWPA"
132708,,60710114041,"SAWPA"
128810,,60710114041,"SAWPA"
142815,,60710114041,"SAWPA"
125036,,60710114041,"SAWPA"
134808,,60710114041,"SAWPA"
132977,25,60710114041,"SAWPA"
135155,,60710114041,"SAWPA"
130347,,60710114041,"SAWPA"
134722,,60710114041,"SAWPA"
126829,,60710114041,"SAWPA"
135178,,60710114041,"SAWPA"
131532,,60710114041,"SAWPA"
257918,,60710115001,"SAWPA"
257610,,60710115001,"SAWPA"
4274494,,60710115001,"SAWPA"
252721,,60710115001,"SAWPA"
252658,,60710115001,"SAWPA"
257711,,60710115001,"SAWPA"
257938,,60710115001,"SAWPA"
252676,,60710115001,"SAWPA"
258034,,60710115001,"SAWPA"
257773,,60710115001,"SAWPA"
252720,,60710115001,"SAWPA"
252731,,60710115001,"SAWPA"
257699,,60710115001,"SAWPA"
257789,,60710115001,"SAWPA"
257742,,60710115001,"SAWPA"
257839,,60710115001,"SAWPA"
258067,,60710115001,"SAWPA"
257527,,60710115001,"SAWPA"
2312880,,60710115001,"SAWPA"
4274193,,60710115001,"SAWPA"
4171249,10,60710127001,"SAWPA"
1646661,10,60710127001,"SAWPA"
4168655,10,60710127001,"SAWPA"
4168929,10,60710127001,"SAWPA"
4170012,10,60710127001,"SAWPA"
4165716,10,60710127001,"SAWPA"
4170829,10,60710127001,"SAWPA"
1645385,10,60710127001,"SAWPA"
4165833,10,60710127001,"SAWPA"
4559720,10,60710127001,"SAWPA"
4168953,10,60710127001,"SAWPA"
4169995,10,60710127001,"SAWPA"
4558266,10,60710127001,"SAWPA"
4169248,10,60710127001,"SAWPA"
1646277,10,60710127001,"SAWPA"
4558307,10,60710127001,"SAWPA"
4559712,10,60710127001,"SAWPA"
1509739,10,60710127001,"SAWPA"
4559714,10,60710127001,"SAWPA"
1625537,10,60710127001,"SAWPA"
7917574,268,60730021004,"San Diego"
7897348,268,60730021004,"San Diego"
7917645,268,60730021004,"San Diego"
7924009,268,60730021004,"San Diego"
7917536,268,60730021004,"San Diego"
7924138,268,60730021004,"San Diego"
7924096,268,60730021004,"San Diego"
7917568,268,60730021004,"San Diego"
7917506,268,60730021004,"San Diego"
7917609,268,60730021004,"San Diego"
7924140,268,60730021004,"San Diego"
7917593,268,60730021004,"San Diego"
7917575,268,60730021004,"San Diego"
7917499,268,60730021004,"San Diego"
7917449,268,60730021004,"San Diego"
7917481,268,60730021004,"San Diego"
7917630,268,60730021004,"San Diego"
7924185,268,60730021004,"San Diego"
7917639,268,60730021004,"San Diego"
7917546,268,60730021004,"San Diego"
7956319,268,60730031141,"San Diego"
7966332,268,60730031141,"San Diego"
7951362,268,60730031141,"San Diego"
7951855,268,60730031141,"San Diego"
7951403,268,60730031141,"San Diego"
7951305,268,60730031141,"San Diego"
7956329,268,60730031141,"San Diego"
7951386,268,60730031141,"San Diego"
7966321,268,60730031141,"San Diego"
7970307,268,60730031141,"San Diego"
7951241,268,60730031141,"San Diego"
7951435,268,60730031141,"San Diego"
7959708,268,60730031141,"San Diego"
7966343,268,60730031141,"San Diego"
7970382,268,60730031141,"San Diego"
7966360,268,60730031141,"San Diego"
7951428,268,60730031141,"San Diego"
7966359,268,60730031141,"San Diego"
7970180,268,60730031141,"San Diego"
7956321,268,60730031141,"San Diego"
7930657,268,60730034031,"San Diego"
7932852,268,60730034031,"San Diego"
7933039,268,60730034031,"San Diego"
7932982,268,60730034031,"San Diego"
7933047,268,60730034031,"San Diego"
7933113,268,60730034031,"San Diego"
7933152,268,60730034031,"San Diego"
7934014,268,60730034031,"San Diego"
7933075,268,60730034031,"San Diego"
7932835,268,60730034031,"San Diego"
7933058,268,60730034031,"San Diego"
7933046,268,60730034031,"San Diego"
7932841,268,60730034031,"San Diego"
7933024,268,60730034031,"San Diego"
7933016,268,60730034031,"San Diego"
7932995,268,60730034031,"San Diego"
7933050,268,60730034031,"San Diego"
7930677,268,60730034031,"San Diego"
7933082,268,60730034031,"San Diego"
7930666,268,60730034031,"San Diego"
7872274,268,60730036031,"San Diego"
7872212,268,60730036031,"San Diego"
7870566,268,60730036031,"San Diego"
7870548,268,60730036031,"San Diego"
7872220,268,60730036031,"San Diego"
7870551,268,60730036031,"San Diego"
7874551,268,60730036031,"San Diego"
7870631,268,60730036031,"San Diego"
7872237,268,60730036031,"San Diego"
7872278,268,60730036031,"San Diego"
7872256,268,60730036031,"San Diego"
7872416,268,60730036031,"San Diego"
7872424,268,60730036031,"San Diego"
7872288,268,60730036031,"San Diego"
7870656,268,60730036031,"San Diego"
7872197,268,60730036031,"San Diego"
7884439,268,60730036031,"San Diego"
7872371,268,60730036031,"San Diego"
7872238,268,60730036031,"San Diego"
7872417,268,60730036031,"San Diego"
7932112,268,60730048001,"San Diego"
7605953,268,60730048001,"San Diego"
7605836,268,60730048001,"San Diego"
7601810,268,60730048001,"San Diego"
7603339,268,60730048001,"San Diego"
7603390,268,60730048001,"San Diego"
7932210,268,60730048001,"San Diego"
7603382,268,60730048001,"San Diego"
7932140,268,60730048001,"San Diego"
7605737,268,60730048001,"San Diego"
7605725,268,60730048001,"San Diego"
7932204,268,60730048001,"San Diego"
7605945,268,60730048001,"San Diego"
7600979,268,60730048001,"San Diego"
7932193,268,60730048001,"San Diego"
7932149,268,60730048001,"San Diego"
7605970,268,60730048001,"San Diego"
7602339,268,60730048001,"San Diego"
7932123,268,60730048001,"San Diego"
7605926,268,60730048001,"San Diego"
7617736,268,60730079051,"San Diego"
7614473,268,60730079051,"San Diego"
7623344,268,60730079051,"San Diego"
7623236,268,60730079051,"San Diego"
7612625,268,60730079051,"San Diego"
7623272,268,60730079051,"San Diego"
7623129,268,60730079051,"San Diego"
7623271,268,60730079051,"San Diego"
7612738,268,60730079051,"San Diego"
7614854,268,60730079051,"San Diego"
7623337,268,60730079051,"San Diego"
7620583,268,60730079051,"San Diego"
7617723,268,60730079051,"San Diego"
7623111,268,60730079051,"San Diego"
7623385,268,60730079051,"San Diego"
7620540,268,60730079051,"San Diego"
7623232,268,60730079051,"San Diego"
7620592,268,60730079051,"San Diego"
7620608,268,60730079051,"San Diego"
7618387,268,60730079051,"San Diego"
7658191,268,60730082001,"San Diego"
7649501,268,60730082001,"San Diego"
7656630,268,60730082001,"San Diego"
7658370,268,60730082001,"San Diego"
7658189,268,60730082001,"San Diego"
7656477,268,60730082001,"San Diego"
7658288,268,60730082001,"San Diego"
7659508,268,60730082001,"San Diego"
7664395,268,60730082001,"San Diego"
7664439,268,60730082001,"San Diego"
7658318,268,60730082001,"San Diego"
7656492,268,60730082001,"San Diego"
7658201,268,60730082001,"San Diego"
7659606,268,60730082001,"San Diego"
7659514,268,60730082001,"San Diego"
7658255,268,60730082001,"San Diego"
7649571,268,60730082001,"San Diego"
7656494,268,60730082001,"San Diego"
7658332,268,60730082001,"San Diego"
7649462,268,60730082001,"San Diego"
7690492,268,60730083073,"San Diego"
7557268,268,60730083073,"San Diego"
7702263,268,60730083073,"San Diego"
7579502,268,60730083073,"San Diego"
7690747,268,60730083073,"San Diego"
7714802,268,60730083073,"San Diego"
7557273,268,60730083073,"San Diego"
7690670,268,60730083073,"San Diego"
7658106,268,60730083073,"San Diego"
7557284,268,60730083073,"San Diego"
7690652,268,60730083073,"San Diego"
7557250,268,60730083073,"San Diego"
7557217,268,60730083073,"San Diego"
7658118,268,60730083073,"San Diego"
7690494,268,60730083073,"San Diego"
7557251,268,60730083073,"San Diego"
7714668,268,60730083073,"San Diego"
7714871,268,60730083073,"San Diego"
7557232,268,60730083073,"San Diego"
7714777,268,60730083073,"San Diego"
7732597,268,60730083602,"San Diego"
7719942,268,60730083602,"San Diego"
7732608,268,60730083602,"San Diego"
7724067,268,60730083602,"San Diego"
7736567,268,60730083602,"San Diego"
7734071,268,60730083602,"San Diego"
7734125,268,60730083602,"San Diego"
7734187,268,60730083602,"San Diego"
7719939,268,60730083602,"San Diego"
7734191,268,60730083602,"San Diego"
7732627,268,60730083602,"San Diego"
7719955,268,60730083602,"San Diego"
7732373,268,60730083602,"San Diego"
7736558,268,60730083602,"San Diego"
7719991,268,60730083602,"San Diego"
7734042,268,60730083602,"San Diego"
7719924,268,60730083602,"San Diego"
7736539,268,60730083602,"San Diego"
7736488,268,60730083602,"San Diego"
7732696,268,60730083602,"San Diego"
7713999,268,60730083661,"San Diego"
6567772,268,60730083661,"San Diego"
6567330,268,60730083661,"San Diego"
7713933,268,60730083661,"San Diego"
6589507,268,60730083661,"San Diego"
6596517,268,60730083661,"San Diego"
6594029,268,60730083661,"San Diego"
6600504,268,60730083661,"San Diego"
6589346,268,60730083661,"San Diego"
6591446,268,60730083661,"San Diego"
6591404,268,60730083661,"San Diego"
6600502,268,60730083661,"San Diego"
7713970,268,60730083661,"San Diego"
6591583,268,60730083661,"San Diego"
6595876,268,60730083661,"San Diego"
6594208,268,60730083661,"San Diego"
6596168,268,60730083661,"San Diego"
6596488,268,60730083661,"San Diego"
6567704,268,60730083661,"San Diego"
6597941,268,60730083661,"San Diego"
7768785,268,60730093061,"San Diego"
7765301,268,60730093061,"San Diego"
7769492,268,60730093061,"San Diego"
7769534,268,60730093061,"San Diego"
7579179,268,60730093061,"San Diego"
7757545,268,60730093061,"San Diego"
7753969,268,60730093061,"San Diego"
7761297,268,60730093061,"San Diego"
7755433,268,60730093061,"San Diego"
7769431,268,60730093061,"San Diego"
7765212,268,60730093061,"San Diego"
7754175,268,60730093061,"San Diego"
7557802,268,60730093061,"San Diego"
7768770,268,60730093061,"San Diego"
7758088,268,60730093061,"San Diego"
7757934,268,60730093061,"San Diego"
7754021,268,60730093061,"San Diego"
7769471,268,60730093061,"San Diego"
7769454,268,60730093061,"San Diego"
7765353,268,60730093061,"San Diego"
7740377,268,60730095041,"San Diego"
7749378,268,60730095041,"San Diego"
7740991,268,60730095041,"San Diego"
7740146,268,60730095041,"San Diego"
6980646,268,60730095041,"San Diego"
7739492,268,60730095041,"San Diego"
7740499,268,60730095041,"San Diego"
7739614,268,60730095041,"San Diego"
7749405,268,60730095041,"San Diego"
7739763,268,60730095041,"San Diego"
7741792,268,60730095041,"San Diego"
6973537,268,60730095041,"San Diego"
7739791,268,60730095041,"San Diego"
7739971,268,60730095041,"San Diego"
7739869,268,60730095041,"San Diego"
7741951,268,60730095041,"San Diego"
7739312,268,60730095041,"San Diego"
7739616,268,60730095041,"San Diego"
7740136,268,60730095041,"San Diego"
7740681,268,60730095041,"San Diego"
6538856,268,60730170423,"San Diego"
6592455,268,60730170423,"San Diego"
7726371,268,60730170423,"San Diego"
6597256,268,60730170423,"San Diego"
7742952,268,60730170423,"San Diego"
6599705,268,60730170423,"San Diego"
7729735,268,60730170423,"San Diego"
7726408,268,60730170423,"San Diego"
6595606,268,60730170423,"San Diego"
7729721,268,60730170423,"San Diego"
6597243,268,60730170423,"San Diego"
7729804,268,60730170423,"San Diego"
7729731,268,60730170423,"San Diego"
6538694,268,60730170423,"San Diego"
7743006,268,60730170423,"San Diego"
7729886,268,60730170423,"San Diego"
6538770,268,60730170423,"San Diego"
7726353,268,60730170423,"San Diego"
6597320,268,60730170423,"San Diego"
7729814,268,60730170423,"San Diego"
